x0,y0,z0,x1,y1,z1,x2,y2,z2,x3,y3,z3,x4,y4,z4,x5,y5,z5,x6,y6,z6,x7,y7,z7,x8,y8,z8,x9,y9,z9,x10,y10,z10,x11,y11,z11,x12,y12,z12,x13,y13,z13,x14,y14,z14,x15,y15,z15,x16,y16,z16,x17,y17,z17,x18,y18,z18,x19,y19,z19,x20,y20,z20,label
0.0,0.0,0.0,-0.04104745388031006,-0.0449674129486084,-0.0339281668638618,-0.06539946794509888,-0.10402649641036987,-0.053792211947384594,-0.06703513860702515,-0.15698939561843872,-0.07161843383068156,-0.06528478860855103,-0.2088044285774231,-0.08873419069999766,-0.02696925401687622,-0.21093004941940308,-0.0334054788326652,-0.04022526741027832,-0.2944164276123047,-0.05842767262214732,-0.04590672254562378,-0.34650707244873047,-0.07801434004062724,-0.047985076904296875,-0.3926933705806732,-0.09193145090097499,0.01160651445388794,-0.21672067046165466,-0.03286237248534274,0.013821005821228027,-0.31526628136634827,-0.054931334940138576,0.016508102416992188,-0.3754963278770447,-0.07072361165041041,0.0193520188331604,-0.42447829246520996,-0.0823328977202804,0.04493510723114014,-0.2006813883781433,-0.03672163167351794,0.055981338024139404,-0.28654614090919495,-0.05851817854994845,0.06250172853469849,-0.33963102102279663,-0.07180005663389277,0.06977105140686035,-0.3853267431259155,-0.08032533132785868,0.07555687427520752,-0.16843658685684204,-0.0438633223747642,0.09781306982040405,-0.23071834444999695,-0.05990687736624789,0.11200869083404541,-0.2686523497104645,-0.06690463775152278,0.12512558698654175,-0.30426448583602905,-0.07185418510192942,OPEN_PALM
0.0,0.0,0.0,-0.04168754816055298,-0.04383647441864014,-0.035281186590822466,-0.06624025106430054,-0.10206055641174316,-0.055631765763195284,-0.06834971904754639,-0.1552959680557251,-0.07368043218079401,-0.06672316789627075,-0.20774400234222412,-0.0909567863148768,-0.027215957641601562,-0.2096414864063263,-0.0348565295738299,-0.04096555709838867,-0.29341548681259155,-0.060215847234161624,-0.046462953090667725,-0.3460371494293213,-0.07993398759785486,-0.048097968101501465,-0.39240843057632446,-0.093939760367306,0.011615753173828125,-0.2159317433834076,-0.03363454122367693,0.013435542583465576,-0.3144383430480957,-0.056095556954773196,0.016246020793914795,-0.3750690519809723,-0.07215874050083948,0.01925426721572876,-0.42451974749565125,-0.08391001228514505,0.045020997524261475,-0.20063763856887817,-0.036883650015028246,0.05528980493545532,-0.285940021276474,-0.05903293345394922,0.06189274787902832,-0.3383610248565674,-0.0726014316481669,0.06937748193740845,-0.3835752308368683,-0.08125054244223429,0.07563120126724243,-0.16940629482269287,-0.0435143053931315,0.09699523448944092,-0.23155254125595093,-0.05973934535208536,0.11127692461013794,-0.2688285708427429,-0.06697548333826853,0.12475806474685669,-0.3037245273590088,-0.07208144817772699,OPEN_PALM
0.0,0.0,0.0,-0.04269593954086304,-0.04292190074920654,-0.03531625172680375,-0.06760948896408081,-0.10148769617080688,-0.055743828924355476,-0.0701519250869751,-0.15577584505081177,-0.0737011996526098,-0.06949514150619507,-0.20815619826316833,-0.09100729650443551,-0.029530763626098633,-0.20773613452911377,-0.037343424322066276,-0.042980730533599854,-0.2927362322807312,-0.06229671886747834,-0.04854917526245117,-0.34519314765930176,-0.0811189008373594,-0.050535619258880615,-0.3912630081176758,-0.09440862810796258,0.009577810764312744,-0.21383342146873474,-0.036159076305088966,0.012897193431854248,-0.3129889965057373,-0.058797866614518135,0.0160372257232666,-0.3738974332809448,-0.07452355748599526,0.01911163330078125,-0.4234696626663208,-0.08585224724000451,0.04346728324890137,-0.19849789142608643,-0.03922155550306794,0.056050777435302734,-0.2840110659599304,-0.06218332475608346,0.06320351362228394,-0.33723336458206177,-0.0762213138360357,0.07097852230072021,-0.38350093364715576,-0.08481884426063058,0.07451939582824707,-0.16818499565124512,-0.0454331976789808,0.09848761558532715,-0.2314651608467102,-0.06236397898381707,0.11425656080245972,-0.2682498097419739,-0.06982391005939004,0.12881535291671753,-0.3031136989593506,-0.07486948049252984,OPEN_PALM
0.0,0.0,0.0,-0.04187154769897461,-0.04367172718048096,-0.03375449486738091,-0.06694382429122925,-0.1029779314994812,-0.05371820264225846,-0.0698082447052002,-0.15764403343200684,-0.07132688247328645,-0.07050985097885132,-0.20997750759124756,-0.08831460856562501,-0.030539214611053467,-0.2093297243118286,-0.03643684544330483,-0.04379779100418091,-0.29367685317993164,-0.0612646647608841,-0.04918438196182251,-0.34555748105049133,-0.07988665335541612,-0.050973594188690186,-0.3917967677116394,-0.09287479602461701,0.008538424968719482,-0.21602076292037964,-0.03589367949133759,0.012636244297027588,-0.3158494830131531,-0.057790425500925835,0.01620340347290039,-0.3755340576171875,-0.07257986151343232,0.019660472869873047,-0.42430317401885986,-0.08315800212984925,0.04235607385635376,-0.20018696784973145,-0.0393782415307129,0.05505406856536865,-0.28576821088790894,-0.06083715044623261,0.06201082468032837,-0.3387885093688965,-0.07330469124680405,0.0693809986114502,-0.3855748474597931,-0.08111643873816377,0.07272672653198242,-0.16919851303100586,-0.04601446249252206,0.09662455320358276,-0.23185080289840698,-0.061699484369810875,0.11224430799484253,-0.2685069441795349,-0.0679061346567238,0.12664401531219482,-0.3030463755130768,-0.07206736587649232,OPEN_PALM
0.0,0.0,0.0,-0.04149925708770752,-0.045025527477264404,-0.03355340397034068,-0.06614029407501221,-0.1051100492477417,-0.05342239623937983,-0.06946110725402832,-0.1600247621536255,-0.0710313517418899,-0.07070815563201904,-0.2120288908481598,-0.08803660905037303,-0.028966665267944336,-0.21117061376571655,-0.03599101042423625,-0.04182875156402588,-0.29502442479133606,-0.06094563862357516,-0.04701894521713257,-0.3473868668079376,-0.07972384726677317,-0.04882669448852539,-0.39403003454208374,-0.09293539559517283,0.0100555419921875,-0.21782183647155762,-0.03563232457313914,0.014146208763122559,-0.31695109605789185,-0.05784258356366534,0.017336368560791016,-0.3765474259853363,-0.07273035233889003,0.020435810089111328,-0.425234317779541,-0.08336660003338237,0.04390585422515869,-0.20166844129562378,-0.03934900200043101,0.056529104709625244,-0.2875763177871704,-0.06128738557968516,0.06330525875091553,-0.3402351140975952,-0.07378343975220103,0.07079267501831055,-0.38645273447036743,-0.08148827886257548,0.07417851686477661,-0.17008274793624878,-0.04620372986469645,0.09807652235031128,-0.23284122347831726,-0.0622561026183166,0.11357873678207397,-0.26976627111434937,-0.06858138477478404,0.12806260585784912,-0.30480092763900757,-0.07277362531099696,OPEN_PALM
0.0,0.0,0.0,-0.04164952039718628,-0.04422992467880249,-0.033836686573659014,-0.06578004360198975,-0.10338431596755981,-0.05367469560328586,-0.06999403238296509,-0.15945762395858765,-0.07121292274418933,-0.0725175142288208,-0.21240165829658508,-0.08822768699351413,-0.028986573219299316,-0.20997196435928345,-0.0360027491671191,-0.04144853353500366,-0.2937629222869873,-0.06047763820711238,-0.04633718729019165,-0.34633511304855347,-0.07898063730422122,-0.047950923442840576,-0.39299899339675903,-0.09215716045323474,0.010150253772735596,-0.2160123586654663,-0.03549665730420215,0.013823270797729492,-0.31597229838371277,-0.057536588571702074,0.016920149326324463,-0.3761391043663025,-0.0725293732804404,0.019828975200653076,-0.42525413632392883,-0.08337028097334964,0.04384171962738037,-0.19993680715560913,-0.03905750583830936,0.056856393814086914,-0.2860967516899109,-0.06116598244730098,0.06383764743804932,-0.3388993442058563,-0.07399257045212848,0.07139885425567627,-0.3852716088294983,-0.08197254460278613,0.07411938905715942,-0.16871905326843262,-0.045722169391547274,0.09777224063873291,-0.2317419946193695,-0.062049334458743166,0.11336714029312134,-0.26895859837532043,-0.06868356984082324,0.12800651788711548,-0.3045591115951538,-0.07321995269480808,OPEN_PALM
0.0,0.0,0.0,-0.04197728633880615,-0.04344147443771362,-0.03505232214843623,-0.06624174118041992,-0.10299229621887207,-0.05547408416783206,-0.06903308629989624,-0.15842127799987793,-0.07327305555259578,-0.07082134485244751,-0.21141356229782104,-0.0904192703953921,-0.02844679355621338,-0.20944005250930786,-0.03771149769341342,-0.039903223514556885,-0.29334157705307007,-0.062458940147513076,-0.04456514120101929,-0.34520184993743896,-0.08110237151300304,-0.04584312438964844,-0.3914390206336975,-0.09434453427707545,0.010370373725891113,-0.2154235541820526,-0.03649152845060222,0.01483154296875,-0.3135426342487335,-0.05834898009812228,0.01874321699142456,-0.37309330701828003,-0.07337441325103633,0.02266031503677368,-0.4215105473995209,-0.08438487380658977,0.04387474060058594,-0.19858551025390625,-0.039417129307144805,0.05738884210586548,-0.2834181785583496,-0.06124869391238086,0.0652737021446228,-0.33583417534828186,-0.07467211812650554,0.07371801137924194,-0.38172751665115356,-0.08330243110572688,0.07402867078781128,-0.16673898696899414,-0.04553584784185283,0.09843915700912476,-0.228145033121109,-0.062008057086819335,0.11456269025802612,-0.2644479274749756,-0.06946318626319758,0.12963652610778809,-0.2990001440048218,-0.0746780189863383,OPEN_PALM
0.0,0.0,0.0,-0.04190325736999512,-0.042752981185913086,-0.03580624115424946,-0.06587785482406616,-0.1020086407661438,-0.05633628991204098,-0.0685567855834961,-0.157700777053833,-0.0740844110842307,-0.0705212950706482,-0.21123865246772766,-0.0911030421848853,-0.02840334177017212,-0.20969265699386597,-0.03767521557169751,-0.0394362211227417,-0.293525367975235,-0.062312832742508206,-0.044039130210876465,-0.3453938066959381,-0.08095388364749745,-0.04518657922744751,-0.39146873354911804,-0.09420184296327427,0.010659635066986084,-0.21577271819114685,-0.036020780622537885,0.015415668487548828,-0.31415697932243347,-0.05776061367946461,0.019416749477386475,-0.373899906873703,-0.0728888909216483,0.023476004600524902,-0.422484815120697,-0.0839464316959937,0.04420018196105957,-0.19889873266220093,-0.03858845186191395,0.05805867910385132,-0.2836758494377136,-0.06038917106347874,0.06596547365188599,-0.33579885959625244,-0.07388122630077198,0.07447940111160278,-0.38154006004333496,-0.08250112336831883,0.07407063245773315,-0.16721171140670776,-0.04440914717274502,0.09854787588119507,-0.22872385382652283,-0.060841503262098584,0.11468148231506348,-0.26478761434555054,-0.06827785325008229,0.12989014387130737,-0.29907768964767456,-0.0734483699198325,OPEN_PALM
0.0,0.0,0.0,-0.04231142997741699,-0.04368901252746582,-0.03518819112131233,-0.06678253412246704,-0.10335636138916016,-0.055593126004430005,-0.06999528408050537,-0.15889972448349,-0.07335850272128219,-0.07159894704818726,-0.2116866111755371,-0.09045303288647766,-0.028063595294952393,-0.20968091487884521,-0.03721174273440475,-0.039489567279815674,-0.29320597648620605,-0.062059052770825573,-0.043882787227630615,-0.3453764319419861,-0.08085114929625625,-0.044820189476013184,-0.3915233016014099,-0.09424822453209991,0.010942041873931885,-0.2157708704471588,-0.03605684313723678,0.015559077262878418,-0.31474989652633667,-0.05818634900996322,0.01943981647491455,-0.3746132254600525,-0.07338505659052963,0.023336827754974365,-0.42328572273254395,-0.08443601105162735,0.04447859525680542,-0.19878661632537842,-0.039109271501990506,0.058115601539611816,-0.28390759229660034,-0.061237592732402035,0.06621426343917847,-0.3364565968513489,-0.07464101586291427,0.07486820220947266,-0.38240760564804077,-0.08316823515841598,0.07439815998077393,-0.16652870178222656,-0.04537421140620346,0.09883993864059448,-0.2281566858291626,-0.06197697717496986,0.1149904727935791,-0.2645612061023712,-0.06931694272706146,0.1302052140235901,-0.29927587509155273,-0.07442480746457214,OPEN_PALM
0.0,0.0,0.0,-0.042329490184783936,-0.04409605264663696,-0.03478065473675773,-0.06725567579269409,-0.10404330492019653,-0.05504114148855255,-0.07011181116104126,-0.1590951681137085,-0.07278877464771316,-0.07126915454864502,-0.21169960498809814,-0.08986958829402969,-0.028753459453582764,-0.2104867696762085,-0.03659161148309753,-0.04000699520111084,-0.2944052219390869,-0.061317715474367596,-0.04438614845275879,-0.3464258909225464,-0.0800501850032811,-0.0452960729598999,-0.392917662858963,-0.09339427170991943,0.010638952255249023,-0.21651998162269592,-0.03575795111894653,0.01531517505645752,-0.3148839473724365,-0.05761134220004127,0.019109725952148438,-0.3746393918991089,-0.07282494721651123,0.02306002378463745,-0.4235498309135437,-0.0839777287626271,0.04436248540878296,-0.19954454898834229,-0.03911463511824653,0.058128297328948975,-0.28453803062438965,-0.06098906291365669,0.06606119871139526,-0.33738836646080017,-0.07431203094959304,0.07458376884460449,-0.3840487003326416,-0.08290934530735061,0.07428866624832153,-0.16744685173034668,-0.045676611044407345,0.09861481189727783,-0.22848516702651978,-0.062124978431463695,0.11461877822875977,-0.2645248770713806,-0.06927695838451431,0.12965703010559082,-0.2989897131919861,-0.07427862999677703,OPEN_PALM
0.0,0.0,0.0,-0.04168981313705444,-0.04440420866012573,-0.03459566654884405,-0.06646537780761719,-0.1031690239906311,-0.05504726441824026,-0.06995826959609985,-0.15790009498596191,-0.07302960204207487,-0.07156628370285034,-0.21052855253219604,-0.09039755361401625,-0.028364717960357666,-0.21006885170936584,-0.0370616559895236,-0.039521217346191406,-0.2942284941673279,-0.06181926848613806,-0.043960750102996826,-0.3465431332588196,-0.08049198435866423,-0.04488283395767212,-0.3929569721221924,-0.09372824626290388,0.01087808609008789,-0.21575379371643066,-0.036200517884131145,0.015696942806243896,-0.3144725263118744,-0.05806596400463171,0.019751548767089844,-0.37435945868492126,-0.0731935073646266,0.023947060108184814,-0.42315077781677246,-0.08428236292922087,0.044681012630462646,-0.19875502586364746,-0.039445968440409374,0.058629512786865234,-0.28329041600227356,-0.06119739832603521,0.06679445505142212,-0.3354036211967468,-0.07422565119587965,0.0755009651184082,-0.3810963034629822,-0.08257357971989698,0.07482337951660156,-0.1666749119758606,-0.04587741019451208,0.09923332929611206,-0.2279069423675537,-0.06203985410058088,0.1152530312538147,-0.26374882459640503,-0.06883881436907835,0.13037288188934326,-0.2977202832698822,-0.07356473254286833,OPEN_PALM
0.0,0.0,0.0,-0.04140371084213257,-0.04522949457168579,-0.033870210431943715,-0.06568080186843872,-0.10483032464981079,-0.05387386821998197,-0.06927067041397095,-0.16006791591644287,-0.07161271341932851,-0.07131636142730713,-0.21292099356651306,-0.08877346434486943,-0.027112245559692383,-0.21100696921348572,-0.03591578968657094,-0.03806924819946289,-0.2952934205532074,-0.06052474074853498,-0.0424036979675293,-0.34756141901016235,-0.07911101498497564,-0.04348796606063843,-0.3939083218574524,-0.09226220615995961,0.012063562870025635,-0.21637314558029175,-0.0353329158653124,0.017138659954071045,-0.31406518816947937,-0.0571619472731455,0.021045565605163574,-0.3736996054649353,-0.07221401252640325,0.024980902671813965,-0.42224329710006714,-0.08318121501101094,0.0457647442817688,-0.19904065132141113,-0.03885810964597303,0.05996054410934448,-0.28356045484542847,-0.060698842190633595,0.06773334741592407,-0.3353336453437805,-0.07364680387867528,0.07626217603683472,-0.3805389404296875,-0.08178978183163244,0.07585662603378296,-0.16667836904525757,-0.04551489793551999,0.10036039352416992,-0.22806084156036377,-0.06176763170255262,0.11638790369033813,-0.2641403377056122,-0.06860018291367131,0.13155287504196167,-0.29827094078063965,-0.07324504622114736,OPEN_PALM
0.0,0.0,0.0,-0.042348504066467285,-0.043742597103118896,-0.034644809520434805,-0.0670466423034668,-0.10295939445495605,-0.05504516974706597,-0.0697905421257019,-0.15750586986541748,-0.07288466856498665,-0.0710601806640625,-0.20965704321861267,-0.09009216443319268,-0.02936655282974243,-0.20855459570884705,-0.03791909382362313,-0.039912402629852295,-0.29382479190826416,-0.06267805860061593,-0.04415255784988403,-0.3460119962692261,-0.08104286805410332,-0.04506200551986694,-0.39224106073379517,-0.09394134298582024,0.010069131851196289,-0.21430781483650208,-0.03693715945501275,0.015601396560668945,-0.3126938045024872,-0.05892516017575211,0.02043992280960083,-0.3722135126590729,-0.07402550146598763,0.02535027265548706,-0.420587956905365,-0.0850024418594355,0.04404163360595703,-0.19754308462142944,-0.03999361485857911,0.05841958522796631,-0.2820386588573456,-0.06179997042436547,0.06706124544143677,-0.33508336544036865,-0.07524957970399804,0.07613670825958252,-0.3815956115722656,-0.08388506338615365,0.07433611154556274,-0.165940523147583,-0.0461836205484385,0.09959059953689575,-0.226557195186615,-0.06240036056060738,0.1164236068725586,-0.261783629655838,-0.06955671772975869,0.1321060061454773,-0.2949533462524414,-0.07452655301113076,OPEN_PALM
0.0,0.0,0.0,-0.04250037670135498,-0.04373061656951904,-0.03491197516122213,-0.06696343421936035,-0.1027827262878418,-0.05522665371098867,-0.06944245100021362,-0.15767031908035278,-0.0728652513484036,-0.07055062055587769,-0.2109737992286682,-0.08979037021198621,-0.02836751937866211,-0.20870676636695862,-0.037634834543851525,-0.03828328847885132,-0.2933509647846222,-0.06221280981698385,-0.04235267639160156,-0.3456796109676361,-0.08052380000152937,-0.04299962520599365,-0.39230459928512573,-0.09348167841234556,0.01129293441772461,-0.21420225501060486,-0.03642669682302824,0.016433537006378174,-0.3127714693546295,-0.0581662095049893,0.021076619625091553,-0.37243545055389404,-0.07308091585436216,0.02629464864730835,-0.42126959562301636,-0.0839649251560246,0.045311033725738525,-0.19704002141952515,-0.039306033299354226,0.05930811166763306,-0.28100690245628357,-0.061105348066476495,0.06794798374176025,-0.3332158923149109,-0.0743337235311543,0.07736778259277344,-0.37944960594177246,-0.08277290676632276,0.07559698820114136,-0.16488933563232422,-0.04534416635432592,0.09991180896759033,-0.22523227334022522,-0.06140925352373472,0.11598998308181763,-0.2601827085018158,-0.06828771148720136,0.13119029998779297,-0.2934291958808899,-0.073077443883804,OPEN_PALM
0.0,0.0,0.0,-0.04229170083999634,-0.043420493602752686,-0.035363375295366595,-0.06644707918167114,-0.10223907232284546,-0.0559411785494941,-0.06934022903442383,-0.1573435664176941,-0.07375847091194565,-0.07055062055587769,-0.2105197012424469,-0.09094644625898773,-0.02739584445953369,-0.20880058407783508,-0.038092176516022036,-0.037761032581329346,-0.29247593879699707,-0.06305551071878845,-0.04185539484024048,-0.3448653817176819,-0.08188760568615372,-0.0426030158996582,-0.3913557827472687,-0.09530318816420014,0.012001752853393555,-0.21457773447036743,-0.036739087749685595,0.017209351062774658,-0.3134792745113373,-0.05881452475902016,0.02133876085281372,-0.3732823133468628,-0.0740717529248851,0.02574259042739868,-0.42231959104537964,-0.08525254865404541,0.045611679553985596,-0.19757378101348877,-0.03951442529674942,0.059796929359436035,-0.2818155288696289,-0.06173027967330391,0.06825840473175049,-0.33410805463790894,-0.07537237097736771,0.07730180025100708,-0.3802093267440796,-0.08415288766142304,0.07537108659744263,-0.16534125804901123,-0.0454470059764045,0.0998225212097168,-0.2256644070148468,-0.06207951446291382,0.11595720052719116,-0.2605307400226593,-0.06940609504696305,0.13120979070663452,-0.293872207403183,-0.07455963184353287,OPEN_PALM
0.0,0.0,0.0,-0.04235047101974487,-0.043840646743774414,-0.035657303486939185,-0.06689274311065674,-0.10344260931015015,-0.05609196246134829,-0.06985419988632202,-0.15884536504745483,-0.07379126370417666,-0.07132208347320557,-0.21205458045005798,-0.09072021216618609,-0.027885019779205322,-0.20952415466308594,-0.037221113299008124,-0.037613630294799805,-0.2940089702606201,-0.061879677777167075,-0.0416102409362793,-0.3463681638240814,-0.0803967770980556,-0.0423508882522583,-0.39301028847694397,-0.09355743796097826,0.011781930923461914,-0.21498966217041016,-0.03567232385742258,0.017301321029663086,-0.313173770904541,-0.0575013068364818,0.021530449390411377,-0.37289053201675415,-0.07249724686610293,0.02618849277496338,-0.4219074249267578,-0.08341999918686938,0.04561138153076172,-0.1978204846382141,-0.0383796301530559,0.059871673583984375,-0.2820812165737152,-0.06045439288484644,0.0681004524230957,-0.3343835771083832,-0.07361841768490862,0.07722657918930054,-0.3806106150150299,-0.08195211559998583,0.07547760009765625,-0.16573119163513184,-0.04433550507294726,0.09962010383605957,-0.22587472200393677,-0.06069005847441744,0.11560332775115967,-0.26016879081726074,-0.06755203575360369,0.1309298276901245,-0.29275986552238464,-0.07228864551055025,OPEN_PALM
0.0,0.0,0.0,-0.04226404428482056,-0.04328620433807373,-0.03613795165823319,-0.06715977191925049,-0.1024520993232727,-0.056977814183696296,-0.07056862115859985,-0.15860331058502197,-0.07485173468397477,-0.07202446460723877,-0.21236512064933777,-0.09194071416662553,-0.028040051460266113,-0.20882320404052734,-0.038550311819776084,-0.03875458240509033,-0.2929667830467224,-0.0634083059887729,-0.04250669479370117,-0.3453337252140045,-0.08191795472906449,-0.043019115924835205,-0.3916400969028473,-0.09504037921236375,0.011669516563415527,-0.2148275077342987,-0.03673004184769013,0.017115354537963867,-0.3144182860851288,-0.058768710241778876,0.02125638723373413,-0.37381231784820557,-0.07348788355396607,0.02533137798309326,-0.42224693298339844,-0.08406078641222337,0.04529350996017456,-0.1977074146270752,-0.039121015117629554,0.058771610260009766,-0.28239336609840393,-0.061335602895482566,0.0669792890548706,-0.334173321723938,-0.0742069092850528,0.07602578401565552,-0.38019776344299316,-0.0822391045551143,0.07465910911560059,-0.165594220161438,-0.044750949488147285,0.09896129369735718,-0.22570058703422546,-0.061187306539281394,0.11514830589294434,-0.2597227990627289,-0.06789134268568375,0.13065093755722046,-0.2923673093318939,-0.07242829178379395,OPEN_PALM
0.0,0.0,0.0,-0.04192852973937988,-0.044049859046936035,-0.034918780525224236,-0.06713181734085083,-0.1028357744216919,-0.05522741665412667,-0.07003307342529297,-0.15856999158859253,-0.07290039127041581,-0.07186126708984375,-0.21181008219718933,-0.08976037715842011,-0.029544830322265625,-0.20891350507736206,-0.03594345142413857,-0.03951752185821533,-0.2941749393939972,-0.05999387343694451,-0.04312312602996826,-0.3459029197692871,-0.07829214548041108,-0.043369174003601074,-0.3918913006782532,-0.09118856405188325,0.01048058271408081,-0.2148641049861908,-0.03434787978698495,0.016376972198486328,-0.3131605386734009,-0.05498439361621621,0.02192211151123047,-0.371964693069458,-0.0697813323633838,0.02769845724105835,-0.4198957085609436,-0.08070647632052186,0.04474073648452759,-0.1980752944946289,-0.036925359715716866,0.05771726369857788,-0.2819066047668457,-0.05771921118070367,0.06650245189666748,-0.33434048295021057,-0.0709603643911052,0.07598227262496948,-0.380554735660553,-0.07960694943835023,0.07522380352020264,-0.1664597988128662,-0.04272267882992509,0.09947669506072998,-0.2249928116798401,-0.05810951357056382,0.11607414484024048,-0.25874876976013184,-0.06485967253615144,0.13194411993026733,-0.2905871868133545,-0.06960267489125016,OPEN_PALM
0.0,0.0,0.0,-0.04149675369262695,-0.04400360584259033,-0.0345574585275763,-0.06652170419692993,-0.10270029306411743,-0.05482569015790162,-0.06951737403869629,-0.15792304277420044,-0.07253040424753365,-0.07183152437210083,-0.2112799882888794,-0.08949445984531579,-0.028632283210754395,-0.2091638147830963,-0.03576313010622201,-0.0388755202293396,-0.2941931486129761,-0.05986999399233994,-0.04252117872238159,-0.34618330001831055,-0.07834862969089684,-0.04268556833267212,-0.39222580194473267,-0.09141793153454003,0.011035025119781494,-0.21510425209999084,-0.03448864496518311,0.016720294952392578,-0.3134496212005615,-0.055025104947578285,0.022147715091705322,-0.372325599193573,-0.06980928830076394,0.02772289514541626,-0.42011475563049316,-0.08078255555797753,0.045108139514923096,-0.19818633794784546,-0.03735578484107194,0.05854219198226929,-0.28205937147140503,-0.05779275349546609,0.06753385066986084,-0.3343868851661682,-0.07067081383634743,0.07717132568359375,-0.3805161714553833,-0.07923888466526208,0.07554429769515991,-0.16630816459655762,-0.04345537028480706,0.09974581003189087,-0.22515538334846497,-0.05866007558275399,0.11634987592697144,-0.25906920433044434,-0.0651312401073092,0.13228708505630493,-0.2911684513092041,-0.06973909638096032,OPEN_PALM
0.0,0.0,0.0,-0.04192972183227539,-0.04439353942871094,-0.035360118994464784,-0.06682902574539185,-0.1036386489868164,-0.05590146655773154,-0.06978213787078857,-0.15957039594650269,-0.07374689603780737,-0.07121366262435913,-0.21330103278160095,-0.09078831101392737,-0.02874612808227539,-0.20945590734481812,-0.036756126830329805,-0.03876614570617676,-0.29494091868400574,-0.06122973064517012,-0.042537808418273926,-0.34695518016815186,-0.0797055276725196,-0.0429648756980896,-0.3931429088115692,-0.09272547687028876,0.01116269826889038,-0.21500062942504883,-0.035189314434280305,0.01730787754058838,-0.31293973326683044,-0.056600178280820757,0.022363126277923584,-0.3721538782119751,-0.07166192556356421,0.027533650398254395,-0.4206753969192505,-0.08270418519710532,0.04511988162994385,-0.1982482671737671,-0.03783700118397704,0.05919450521469116,-0.2818494439125061,-0.05921653906439772,0.06775408983230591,-0.33447539806365967,-0.07242689157461157,0.07693129777908325,-0.38089102506637573,-0.08098175252412787,0.07495927810668945,-0.1669689416885376,-0.0437369073424243,0.09938627481460571,-0.2260110080242157,-0.059411092350234895,0.11586248874664307,-0.2601577043533325,-0.06617245698904028,0.13154226541519165,-0.2923868000507355,-0.07093117261861792,OPEN_PALM
0.0,0.0,0.0,-0.04220378398895264,-0.044961512088775635,-0.034337111978750556,-0.0669127106666565,-0.10486125946044922,-0.054435753493528694,-0.0696914792060852,-0.16054582595825195,-0.0721533794393352,-0.071103036403656,-0.2140980064868927,-0.08918441575668368,-0.02791041135787964,-0.21003195643424988,-0.03579129394791636,-0.03810751438140869,-0.2957063317298889,-0.06027207639716181,-0.04215627908706665,-0.3477230370044708,-0.0787587438216022,-0.04288750886917114,-0.3937065899372101,-0.09175497037075075,0.011711061000823975,-0.2150571346282959,-0.03487913054130587,0.017722606658935547,-0.3130844831466675,-0.056281795023899406,0.02236706018447876,-0.372631311416626,-0.07130513083837542,0.027138352394104004,-0.42104166746139526,-0.08235917729042086,0.045502662658691406,-0.19773870706558228,-0.038159006505232185,0.059741079807281494,-0.2819129228591919,-0.0594793755998424,0.06827294826507568,-0.33483439683914185,-0.07261808705232653,0.0775226354598999,-0.3812706470489502,-0.08118685078523669,0.07537364959716797,-0.16564536094665527,-0.04464236390493426,0.09991097450256348,-0.22516068816184998,-0.06033631902835879,0.11614924669265747,-0.260040819644928,-0.06713715684316668,0.1315089464187622,-0.29306313395500183,-0.07198205333850893,OPEN_PALM
0.0,0.0,0.0,-0.04141831398010254,-0.04393267631530762,-0.03456931133014507,-0.06716388463973999,-0.10323196649551392,-0.05493142027599163,-0.07104051113128662,-0.15830546617507935,-0.07271658573490924,-0.07334452867507935,-0.21071317791938782,-0.08970004264456577,-0.029710114002227783,-0.20985931158065796,-0.03643044773680515,-0.040227293968200684,-0.29506295919418335,-0.06053634677273578,-0.04370516538619995,-0.3477408289909363,-0.07895132098538227,-0.043457210063934326,-0.3942725956439972,-0.09206520710331745,0.010106563568115234,-0.2163211703300476,-0.035002190062826344,0.01523447036743164,-0.3146798014640808,-0.055438644627159306,0.02057039737701416,-0.3732474148273468,-0.06968953404766864,0.025967419147491455,-0.4206555187702179,-0.08034835700136966,0.04447561502456665,-0.19950765371322632,-0.037643510291403004,0.05772310495376587,-0.2831183969974518,-0.05774664078099079,0.06705021858215332,-0.3348907232284546,-0.06977459732634372,0.07677751779556274,-0.38005906343460083,-0.07787249181610889,0.07478988170623779,-0.16744506359100342,-0.04359945971710033,0.09943938255310059,-0.22573739290237427,-0.05855285320622272,0.11607229709625244,-0.2592197060585022,-0.06452988777500934,0.13172680139541626,-0.2905009984970093,-0.06883761976105518,OPEN_PALM
0.0,0.0,0.0,-0.04196053743362427,-0.043827950954437256,-0.034506176744972805,-0.06722849607467651,-0.1036067008972168,-0.05482610422876988,-0.0707356333732605,-0.15900224447250366,-0.07257013503221188,-0.07270616292953491,-0.2117929756641388,-0.08957963917163525,-0.029299437999725342,-0.20835793018341064,-0.03717069435623799,-0.03975832462310791,-0.29377663135528564,-0.06152473870423947,-0.04350900650024414,-0.34628206491470337,-0.07995740804580365,-0.04365664720535278,-0.39265668392181396,-0.09294292811063443,0.010391712188720703,-0.21484413743019104,-0.03586822483447705,0.016224920749664307,-0.3136534094810486,-0.05651199552920971,0.021726012229919434,-0.37266767024993896,-0.07090321663526211,0.027491986751556396,-0.4208429455757141,-0.08159257206824932,0.04450196027755737,-0.19830429553985596,-0.03854327011612568,0.05830651521682739,-0.2826423943042755,-0.058956251626288037,0.06705868244171143,-0.3346388339996338,-0.0711878362646452,0.07653182744979858,-0.3804869055747986,-0.07929540160802517,0.07445788383483887,-0.1667344570159912,-0.04448410976437245,0.09925895929336548,-0.2255575954914093,-0.05950781810787831,0.11602282524108887,-0.25872278213500977,-0.06545673791078244,0.13207954168319702,-0.28967195749282837,-0.06968212608007107,OPEN_PALM
0.0,0.0,0.0,-0.04143667221069336,-0.044155776500701904,-0.03474502145557068,-0.06655192375183105,-0.10392063856124878,-0.055266095989033204,-0.07013940811157227,-0.15926456451416016,-0.07321345686225555,-0.0721893310546875,-0.2120746374130249,-0.09041995435266159,-0.028553545475006104,-0.20909711718559265,-0.0369802701404538,-0.03908276557922363,-0.2942175269126892,-0.06159015252499245,-0.04295921325683594,-0.34668171405792236,-0.08034140496759079,-0.04322671890258789,-0.3929169774055481,-0.09355706601647995,0.011000394821166992,-0.2153165638446808,-0.035688339464947205,0.016774415969848633,-0.3141762614250183,-0.056627760373636704,0.02204185724258423,-0.37335675954818726,-0.07126429557113312,0.027486801147460938,-0.421611487865448,-0.08209021269588135,0.04496878385543823,-0.19853448867797852,-0.03845787300972603,0.05885499715805054,-0.28310656547546387,-0.059053430997416,0.06764107942581177,-0.3352314829826355,-0.0713587987354245,0.07709121704101562,-0.38102975487709045,-0.07951073973683975,0.07477337121963501,-0.16666144132614136,-0.04452910526899956,0.0995187759399414,-0.22574424743652344,-0.05976732700376175,0.11627519130706787,-0.2590605318546295,-0.065814054303452,0.13231879472732544,-0.2901291847229004,-0.07009407758025787,OPEN_PALM
0.0,0.0,0.0,-0.04219961166381836,-0.05065089464187622,-0.02704400838749521,-0.06618911027908325,-0.11773145198822021,-0.03922171228962057,-0.06745493412017822,-0.1808134913444519,-0.050117538212109736,-0.06563276052474976,-0.2333659529685974,-0.059324816702176264,-0.03383064270019531,-0.2096952199935913,-0.011219614086915186,-0.037800371646881104,-0.2846250534057617,-0.026786495832968882,-0.03607022762298584,-0.32654809951782227,-0.04145225220756643,-0.029503941535949707,-0.36355358362197876,-0.05314399385290258,0.003877401351928711,-0.21427950263023376,-0.01030611330108755,0.010661065578460693,-0.3050931990146637,-0.02385409818427675,0.017760038375854492,-0.35539573431015015,-0.03601918825345152,0.027041971683502197,-0.3985016345977783,-0.046167236654330424,0.035847604274749756,-0.19915392994880676,-0.014205347648132971,0.05128377676010132,-0.27653324604034424,-0.02939010867314451,0.06156301498413086,-0.3178330361843109,-0.039381337253619364,0.07109332084655762,-0.35405266284942627,-0.0465884813054096,0.06650668382644653,-0.1685425043106079,-0.02124957078533285,0.08740675449371338,-0.22028735280036926,-0.03229868122773283,0.09977543354034424,-0.249869704246521,-0.03730495729880445,0.11023181676864624,-0.2779463529586792,-0.04154922896461599,OPEN_PALM
0.0,0.0,0.0,-0.04212754964828491,-0.057820141315460205,-0.020753677928738057,-0.06640911102294922,-0.1266840100288391,-0.026707667851738393,-0.06594175100326538,-0.19073480367660522,-0.03188793919413513,-0.05751436948776245,-0.2414514422416687,-0.03389283827870315,-0.032895803451538086,-0.2064775824546814,0.011945909826167167,-0.039331018924713135,-0.26486024260520935,0.0022972023636924632,-0.039816975593566895,-0.2891962230205536,-0.010049439029685914,-0.03699660301208496,-0.31058043241500854,-0.01958572305171913,0.003316938877105713,-0.20593929290771484,0.013843662111170829,0.007901668548583984,-0.2766978144645691,0.008506947202690185,0.011425197124481201,-0.30679333209991455,0.0005492113470921822,0.014189302921295166,-0.33038264513015747,-0.006691263051621377,0.032356858253479004,-0.18947988748550415,0.010056336416013778,0.042874038219451904,-0.24780219793319702,0.0015495350873919733,0.04651576280593872,-0.27588820457458496,-0.001163953443906962,0.04777348041534424,-0.2947586476802826,-0.003365306178025662,0.06293177604675293,-0.15839654207229614,0.0031204999015557178,0.07761633396148682,-0.1996607780456543,-0.0016487527116311185,0.08381634950637817,-0.22190997004508972,-0.0007059151482877724,0.08809453248977661,-0.24003785848617554,-0.00032092240304848474,OPEN_PALM
0.0,0.0,0.0,-0.04243743419647217,-0.04830557107925415,-0.022861246772492905,-0.06406241655349731,-0.12245142459869385,-0.03160818182715275,-0.06017428636550903,-0.19250181317329407,-0.04116508998760082,-0.04496133327484131,-0.2441248893737793,-0.04680662863739826,-0.038314878940582275,-0.1941680610179901,0.00820729340574644,-0.03180575370788574,-0.26641014218330383,-0.011972863980020065,-0.03663671016693115,-0.2590065002441406,-0.029667929567779083,-0.039473116397857666,-0.22739726305007935,-0.039433329187716026,-0.0042206645011901855,-0.19294485449790955,0.009414358242963772,0.009615540504455566,-0.2818707823753357,-0.011093035161877651,0.0015431642532348633,-0.2639155089855194,-0.028440779827917595,-0.0033608675003051758,-0.227318674325943,-0.037384177379692574,0.02622932195663452,-0.17956361174583435,0.005100694197778921,0.045079052448272705,-0.2627844214439392,-0.014916764393831272,0.036338090896606445,-0.2508943974971771,-0.024653016411150475,0.02913033962249756,-0.21066060662269592,-0.027494811274493713,0.05979108810424805,-0.15325796604156494,-0.0017562651153752995,0.07614928483963013,-0.21641188859939575,-0.01514084526189663,0.06894201040267944,-0.21559935808181763,-0.02006614283510544,0.0589524507522583,-0.18744823336601257,-0.021772307165349503,OPEN_PALM
0.0,0.0,0.0,-0.044622063636779785,-0.04764556884765625,-0.020127648440904977,-0.06609839200973511,-0.12392246723175049,-0.025784855661697748,-0.06180232763290405,-0.19487646222114563,-0.03295354912967241,-0.04291146993637085,-0.24242660403251648,-0.03703666473717249,-0.038383543491363525,-0.17822420597076416,0.01648996775060141,-0.03703415393829346,-0.23697173595428467,0.001221258007205961,-0.04332602024078369,-0.23712259531021118,-0.014433938963122728,-0.04486489295959473,-0.21877196431159973,-0.023857656819529893,-0.007257819175720215,-0.17828670144081116,0.018030073540501235,0.001149594783782959,-0.25349581241607666,0.0021428093781992175,-0.010572969913482666,-0.24564355611801147,-0.013289939565368059,-0.016856491565704346,-0.2165704369544983,-0.02135929274351156,0.02085423469543457,-0.16665101051330566,0.014015082316689131,0.03304868936538696,-0.23873725533485413,-0.0047188307622150205,0.019267022609710693,-0.22978761792182922,-0.015858463896222474,0.010646939277648926,-0.1924322545528412,-0.019235879136033418,0.05198502540588379,-0.14341598749160767,0.007800920447550652,0.06663548946380615,-0.20179060101509094,-0.006377386813767316,0.05264854431152344,-0.20598480105400085,-0.013355513987846734,0.03772449493408203,-0.18105554580688477,-0.016120254946656587,OPEN_PALM
0.0,0.0,0.0,-0.044059693813323975,-0.0396997332572937,-0.01991590816031419,-0.07070046663284302,-0.10675710439682007,-0.026056078779205905,-0.07217234373092651,-0.1751328408718109,-0.03328166674326383,-0.05707108974456787,-0.223554790019989,-0.03791142399857961,-0.04149347543716431,-0.15537312626838684,0.013999535185590162,-0.04344874620437622,-0.20980289578437805,-0.00011633169923186415,-0.048188209533691406,-0.21826612949371338,-0.014464878062412367,-0.050403714179992676,-0.20470908284187317,-0.022908161910876856,-0.011097609996795654,-0.1572868824005127,0.01579074789334811,-0.008531272411346436,-0.22669997811317444,0.00013022752683866656,-0.016106903553009033,-0.2210826873779297,-0.01671550753961526,-0.020262420177459717,-0.19108587503433228,-0.025567125114307032,0.016644775867462158,-0.14758461713790894,0.01257523935784377,0.02393054962158203,-0.21363621950149536,-0.005899792122349368,0.01536327600479126,-0.20957878232002258,-0.01985983881603204,0.009847402572631836,-0.17457321286201477,-0.024884534584984408,0.04756021499633789,-0.12746721506118774,0.007530915034308805,0.05885106325149536,-0.1830751895904541,-0.007387653044119702,0.05033689737319946,-0.1895664632320404,-0.016724256383881198,0.03942316770553589,-0.16565421223640442,-0.020685316580042468,OPEN_PALM
0.0,0.0,0.0,-0.04208105802536011,-0.04965627193450928,-0.016913643579236748,-0.0700310468673706,-0.1142696738243103,-0.0227199685827415,-0.07325547933578491,-0.1794109046459198,-0.029308818753115418,-0.05910921096801758,-0.2279651165008545,-0.033352571080676796,-0.032298386096954346,-0.16963574290275574,0.018736665596016167,-0.030031979084014893,-0.2248210310935974,0.007759675376810549,-0.03195369243621826,-0.23771703243255615,-0.0065138521671812555,-0.03212594985961914,-0.2337249517440796,-0.015875114600412132,-0.0007497072219848633,-0.16686168313026428,0.019540545989521263,0.004677414894104004,-0.23236817121505737,0.009520731393941162,0.0012944340705871582,-0.24310711026191711,-0.0050878576070587656,-0.002221047878265381,-0.23027142882347107,-0.014353842946938755,0.02582693099975586,-0.15386611223220825,0.015328173053212879,0.03521674871444702,-0.21637731790542603,0.003118184854038475,0.0328410267829895,-0.23177409172058105,-0.005931565544806006,0.02949005365371704,-0.21820315718650818,-0.009837384808115246,0.05469059944152832,-0.12942171096801758,0.00903012928808522,0.06782698631286621,-0.18074938654899597,-0.00022042156290780213,0.06805199384689331,-0.20158275961875916,-0.004469379789433958,0.06441348791122437,-0.19967293739318848,-0.005991006276808264,OPEN_PALM
0.0,0.0,0.0,-0.040733397006988525,-0.05403870344161987,-0.016840091208919716,-0.06845569610595703,-0.11748647689819336,-0.021509131650432778,-0.07353925704956055,-0.17929092049598694,-0.02609116979967041,-0.06534332036972046,-0.22866606712341309,-0.028731843690380288,-0.02946019172668457,-0.1747727394104004,0.01561510632653551,-0.03046947717666626,-0.22677189111709595,0.008189251412645149,-0.028345108032226562,-0.25321465730667114,-0.0031653794003574376,-0.024120211601257324,-0.2757168412208557,-0.012200725498601628,0.00434345006942749,-0.17187467217445374,0.015967180718675422,0.00940394401550293,-0.2333894670009613,0.011605804552331733,0.013421118259429932,-0.26213210821151733,0.001993888289675283,0.015983223915100098,-0.2796759605407715,-0.006114048185750676,0.03307443857192993,-0.15700477361679077,0.011294794966474342,0.04155623912811279,-0.21311882138252258,0.003274512010634112,0.045631229877471924,-0.24138009548187256,-0.00278487522247417,0.046713948249816895,-0.25408080220222473,-0.006909180666312409,0.0626821517944336,-0.13166451454162598,0.004220023983165788,0.07573431730270386,-0.1747319996356964,-0.0021829251209197764,0.08094680309295654,-0.19803625345230103,-0.004103931366458369,0.0824347734451294,-0.21092796325683594,-0.005388264778062535,OPEN_PALM
0.0,0.0,0.0,-0.039397358894348145,-0.0554431676864624,-0.0191570541723749,-0.0643531084060669,-0.12833982706069946,-0.027391679854609663,-0.07129126787185669,-0.19074803590774536,-0.03549265143416136,-0.07290422916412354,-0.24107369780540466,-0.04249877882144659,-0.01845341920852661,-0.19628852605819702,-0.003674908577941949,-0.018309473991394043,-0.26138269901275635,-0.01728658963880747,-0.015730977058410645,-0.2986733913421631,-0.030956777082302267,-0.00956183671951294,-0.3323728144168854,-0.0417171682133457,0.015775024890899658,-0.19621479511260986,-0.005343509176292116,0.02506023645401001,-0.2713091969490051,-0.014860245668806726,0.03182876110076904,-0.3125534653663635,-0.024103388459899122,0.03947949409484863,-0.34677019715309143,-0.0325456748618862,0.04432404041290283,-0.17974674701690674,-0.011438505993702108,0.05937987565994263,-0.24798569083213806,-0.022504415632703,0.06822776794433594,-0.28294509649276733,-0.028208051146485502,0.07518506050109863,-0.3124181032180786,-0.03305820402643889,0.07031160593032837,-0.15042024850845337,-0.020328035847761328,0.09300374984741211,-0.1953364908695221,-0.028606733576872045,0.10678160190582275,-0.22082671523094177,-0.031093795122124845,0.11716938018798828,-0.2439013421535492,-0.03357990113041609,OPEN_PALM
0.0,0.0,0.0,-0.039674222469329834,-0.029176414012908936,-0.021399390845843413,-0.07116210460662842,-0.07668644189834595,-0.03700594879622088,-0.0858415961265564,-0.11542189121246338,-0.05154466532106028,-0.09238773584365845,-0.14286506175994873,-0.06506334520811663,-0.025489389896392822,-0.1614668369293213,-0.0244144899391614,-0.03517872095108032,-0.21288880705833435,-0.04417009554738627,-0.05247682332992554,-0.2081054151058197,-0.05845364831323252,-0.06243157386779785,-0.1955178678035736,-0.06585886605019198,-0.0003574490547180176,-0.16040289402008057,-0.02375049047107325,-0.003047347068786621,-0.21329230070114136,-0.039916074796863654,-0.018393635749816895,-0.2153393030166626,-0.05101093925470934,-0.027752697467803955,-0.2119508981704712,-0.057327172681041816,0.01974475383758545,-0.14823919534683228,-0.025366556792803863,0.01574796438217163,-0.18409937620162964,-0.040466918572136024,0.0012421011924743652,-0.17322832345962524,-0.04677123479480372,-0.006953299045562744,-0.15780794620513916,-0.04876282341713534,0.03544431924819946,-0.12993711233139038,-0.02855359107191191,0.03122854232788086,-0.162153422832489,-0.037690854593463996,0.021080613136291504,-0.16063576936721802,-0.037741648926683524,0.015331268310546875,-0.1521260142326355,-0.0356565890454732,OPEN_PALM
0.0,0.0,0.0,-0.05093502998352051,-0.031707167625427246,-0.014250554208572908,-0.09711039066314697,-0.0833749771118164,-0.03618098429303984,-0.13529658317565918,-0.10901045799255371,-0.05986873066883902,-0.16039875149726868,-0.10656344890594482,-0.08725777647357802,-0.0566425621509552,-0.18644094467163086,-0.03579521558147292,-0.09688520431518555,-0.23658496141433716,-0.0555410907314382,-0.11605778336524963,-0.2760562300682068,-0.07325983426433424,-0.12495064735412598,-0.30665045976638794,-0.08783346793514113,-0.01519116759300232,-0.1933671236038208,-0.04298376298409323,-0.04717659950256348,-0.18419313430786133,-0.06589905551534514,-0.05098295211791992,-0.14062029123306274,-0.07766158512693266,-0.04765278100967407,-0.10731238126754761,-0.08478410920959334,0.020117104053497314,-0.17436444759368896,-0.049857504730042024,-0.008773624897003174,-0.15926647186279297,-0.06651436916452269,-0.014473795890808105,-0.11850470304489136,-0.06690434745412688,-0.012426495552062988,-0.08944922685623169,-0.0665005483375154,0.05263561010360718,-0.1470792293548584,-0.05840261286955695,0.03503447771072388,-0.14215296506881714,-0.06760294369321684,0.02459651231765747,-0.11401277780532837,-0.061507951532419725,0.020746231079101562,-0.08991271257400513,-0.055385205958899064,OPEN_PALM
0.0,0.0,0.0,-0.053976237773895264,-0.0003917217254638672,-0.017028589516485226,-0.10643869638442993,-0.026924490928649902,-0.030137463256323826,-0.14600595831871033,-0.04587012529373169,-0.042876447334492696,-0.1775134801864624,-0.055846452713012695,-0.05677121390363027,-0.09992098808288574,-0.13357847929000854,-0.023894824802482617,-0.13395464420318604,-0.18777614831924438,-0.041543095156157506,-0.1570354700088501,-0.22115349769592285,-0.05586518232485105,-0.17759469151496887,-0.24976718425750732,-0.06627745439072896,-0.07548728585243225,-0.15376394987106323,-0.029400170564258588,-0.10059225559234619,-0.2268885374069214,-0.045444453849995625,-0.11863946914672852,-0.274578332901001,-0.058382189616168034,-0.13246753811836243,-0.31364744901657104,-0.06810511161347677,-0.046777576208114624,-0.15517377853393555,-0.03736641888281156,-0.059221237897872925,-0.23271048069000244,-0.054981588169539464,-0.07048016786575317,-0.2821294665336609,-0.07030245174428273,-0.08070710301399231,-0.32222387194633484,-0.08073998500367452,-0.01688125729560852,-0.14309722185134888,-0.046481712504828465,-0.010447204113006592,-0.20908892154693604,-0.06227435429354955,-0.008956700563430786,-0.25375109910964966,-0.07211811353226949,-0.010421603918075562,-0.2930504083633423,-0.07905641455909063,OPEN_PALM
0.0,0.0,0.0,-0.05126810073852539,0.0046901702880859375,-0.01751991642224482,-0.1042429506778717,-0.020831167697906494,-0.030766711584803375,-0.14528614282608032,-0.0399242639541626,-0.0429805768798559,-0.17857858538627625,-0.04784184694290161,-0.05649457035171679,-0.09764671325683594,-0.12175977230072021,-0.02860394401061228,-0.13317638635635376,-0.17491018772125244,-0.04590353278028658,-0.15628978610038757,-0.20786064863204956,-0.05903626514184168,-0.17712634801864624,-0.23612737655639648,-0.06856813935148409,-0.07602643966674805,-0.14198780059814453,-0.03313572985636881,-0.10391825437545776,-0.21492159366607666,-0.049809361822482856,-0.12252852320671082,-0.26280301809310913,-0.062275360352870734,-0.1368783712387085,-0.3033081889152527,-0.07128036675560168,-0.048371076583862305,-0.1445181965827942,-0.03961304856049708,-0.06459885835647583,-0.2236703634262085,-0.05793414918291262,-0.07713600993156433,-0.27393633127212524,-0.07386901137935808,-0.08791950345039368,-0.31530246138572693,-0.0843488490353792,-0.019003570079803467,-0.13497525453567505,-0.04696171639072588,-0.014869868755340576,-0.20242756605148315,-0.06332884637224367,-0.013117939233779907,-0.24867898225784302,-0.0740402182708948,-0.013032078742980957,-0.2902839183807373,-0.08141840157615832,OPEN_PALM
0.0,0.0,0.0,-0.05165091156959534,0.0032295584678649902,-0.015941266913273466,-0.10409516096115112,-0.02321380376815796,-0.02846264374659313,-0.14461034536361694,-0.042588233947753906,-0.04019986932382835,-0.17851388454437256,-0.046919941902160645,-0.05320052896843208,-0.0998360812664032,-0.12391883134841919,-0.026267909456350935,-0.13583636283874512,-0.17565369606018066,-0.04315762688622726,-0.1598130166530609,-0.2069738507270813,-0.05627956708178772,-0.1819227933883667,-0.233839750289917,-0.06590213720903648,-0.07717564702033997,-0.14519786834716797,-0.03156627808914436,-0.10600471496582031,-0.2169792652130127,-0.048066568572380675,-0.12589779496192932,-0.26408952474594116,-0.06026221906051887,-0.14230501651763916,-0.3036395311355591,-0.06894475315914406,-0.048580557107925415,-0.1478622555732727,-0.03866767977581276,-0.06549391150474548,-0.22559380531311035,-0.056539018649914397,-0.07785123586654663,-0.27407848834991455,-0.0707996795068766,-0.08871698379516602,-0.3137078285217285,-0.07990127896175636,-0.018171608448028564,-0.13780194520950317,-0.046601575810768736,-0.016195178031921387,-0.20420408248901367,-0.0620016576837088,-0.01532745361328125,-0.24980831146240234,-0.07096021716699852,-0.015879839658737183,-0.29086655378341675,-0.0769671360145594,OPEN_PALM
0.0,0.0,0.0,-0.046532392501831055,-0.050102412700653076,-0.024552707614653002,-0.08295220136642456,-0.11421018838882446,-0.041795448454372774,-0.1066785454750061,-0.15895628929138184,-0.05869153985594977,-0.12196570634841919,-0.19089889526367188,-0.07719164067720641,-0.024280428886413574,-0.2186722755432129,-0.02235123613690604,-0.02754873037338257,-0.30742305517196655,-0.04303796687936057,-0.031882524490356445,-0.36021819710731506,-0.06203147495006789,-0.035663604736328125,-0.40378764271736145,-0.07623789930557479,0.007575869560241699,-0.21268314123153687,-0.027169746401064288,0.016254544258117676,-0.3083963096141815,-0.042690363766901385,0.016569972038269043,-0.3653486371040344,-0.05857380205606688,0.017030179500579834,-0.4091950058937073,-0.07157019251798857,0.03431946039199829,-0.1901596188545227,-0.0359209897539543,0.045384764671325684,-0.276035338640213,-0.0544403242490219,0.04276466369628906,-0.3302871584892273,-0.07088923180317153,0.040498316287994385,-0.3698858618736267,-0.08392353081917037,0.05741316080093384,-0.152141273021698,-0.0471163476428913,0.05875438451766968,-0.20782434940338135,-0.06543010199283827,0.039391934871673584,-0.21593695878982544,-0.0716193067452835,0.021057546138763428,-0.21084409952163696,-0.07612222159122695,OPEN_PALM
0.0,0.0,0.0,-0.02982097864151001,-0.06638437509536743,-0.02244035469472294,-0.042084693908691406,-0.1442773938179016,-0.0368210108774889,-0.04046148061752319,-0.20560383796691895,-0.050596665014623454,-0.04299807548522949,-0.24935787916183472,-0.06318523677170163,0.031852781772613525,-0.20761197805404663,-0.011228724737762263,0.046176135540008545,-0.2773904502391815,-0.028959985246061137,0.05295383930206299,-0.3145708739757538,-0.04584209190785771,0.05780726671218872,-0.3446734547615051,-0.05678403692424183,0.0669371485710144,-0.19413906335830688,-0.011982332338689616,0.10048717260360718,-0.26938918232917786,-0.023250661213992885,0.11709791421890259,-0.31246644258499146,-0.03449647070944195,0.12710237503051758,-0.3463881313800812,-0.042773991246818355,0.09269237518310547,-0.16371989250183105,-0.016768626292346767,0.11764484643936157,-0.22570320963859558,-0.027776853536366275,0.12865561246871948,-0.2626165747642517,-0.034635505993961146,0.13362932205200195,-0.2916332185268402,-0.03909516276895886,0.1121416687965393,-0.12119787931442261,-0.024443584849237254,0.14335155487060547,-0.16038447618484497,-0.029903616179822734,0.15631437301635742,-0.18328821659088135,-0.02939628193259125,0.1643204689025879,-0.20324963331222534,-0.029020830412505916,OPEN_PALM
0.0,0.0,0.0,-0.02986961603164673,-0.06785309314727783,-0.02740813888637561,-0.04045224189758301,-0.1457514762878418,-0.042212327048464005,-0.035692036151885986,-0.21176552772521973,-0.055300221815986816,-0.035585999488830566,-0.2635096311569214,-0.06752675496069926,0.0352020263671875,-0.22076192498207092,-0.015879004299922173,0.05234968662261963,-0.300393283367157,-0.03295052148429889,0.05963170528411865,-0.3488876223564148,-0.04976507745711345,0.06644845008850098,-0.388630211353302,-0.06221551544992465,0.0730290412902832,-0.20431196689605713,-0.013239382803721611,0.1012042760848999,-0.2792591452598572,-0.02129975430695552,0.11185616254806519,-0.3199044466018677,-0.029769410416765396,0.11945652961730957,-0.35324275493621826,-0.037817456797046844,0.09937286376953125,-0.17138123512268066,-0.015176159367246811,0.12539267539978027,-0.23639768362045288,-0.023514549285454933,0.13511669635772705,-0.2761234939098358,-0.029753954187317078,0.13992810249328613,-0.3098905086517334,-0.03641680724946994,0.11727166175842285,-0.12545353174209595,-0.020766538605375473,0.13189435005187988,-0.15770012140274048,-0.026950876266045753,0.1317741870880127,-0.17214345932006836,-0.028159058690352623,0.1288052201271057,-0.18332934379577637,-0.030022664964480583,OPEN_PALM
0.0,0.0,0.0,-0.03171849250793457,-0.07280540466308594,-0.0238366510721022,-0.0398709774017334,-0.1528807282447815,-0.035568854958015095,-0.03263050317764282,-0.22214916348457336,-0.046037542820172916,-0.030689597129821777,-0.2733561396598816,-0.055931757390695225,0.036343395709991455,-0.22665679454803467,-0.009250775166051994,0.055027663707733154,-0.3028620481491089,-0.02218608111162723,0.06198376417160034,-0.34732067584991455,-0.036854955554204594,0.0689927339553833,-0.38286519050598145,-0.04814753979464115,0.07508867979049683,-0.2105281949043274,-0.006076816190230261,0.1039811372756958,-0.28362423181533813,-0.0094588726760918,0.11325788497924805,-0.31868067383766174,-0.015950846672254215,0.11893302202224731,-0.3464473485946655,-0.022889650613265644,0.10081368684768677,-0.17621028423309326,-0.007194413524317156,0.1270357370376587,-0.23938417434692383,-0.011907225661175858,0.13641870021820068,-0.2762940227985382,-0.01873755380530895,0.1411150097846985,-0.3073433041572571,-0.02650463320334495,0.11689162254333496,-0.1290518045425415,-0.011576917208927284,0.12603098154067993,-0.15417420864105225,-0.01593012474496902,0.12103861570358276,-0.16180354356765747,-0.017963799834447514,0.11441534757614136,-0.16536980867385864,-0.020700621605115543,OPEN_PALM
0.0,0.0,0.0,-0.030263781547546387,-0.06908369064331055,-0.029223550237798435,-0.04367727041244507,-0.14801067113876343,-0.044470399744891864,-0.03784102201461792,-0.2159215211868286,-0.05737667543449376,-0.0355566143989563,-0.26898762583732605,-0.06872135413446401,0.031214475631713867,-0.22264373302459717,-0.014114227272653324,0.04831087589263916,-0.3006401062011719,-0.029167380310678226,0.0566866397857666,-0.3469047546386719,-0.04488040519514058,0.06449836492538452,-0.38613447546958923,-0.056644413746976596,0.06856483221054077,-0.2072082757949829,-0.00985004486151908,0.09658288955688477,-0.2800327241420746,-0.01887272311010335,0.10749465227127075,-0.3173777461051941,-0.028613893441939098,0.1133241057395935,-0.346466064453125,-0.036856137342834216,0.09450554847717285,-0.17631107568740845,-0.010252016723239166,0.12267088890075684,-0.24200737476348877,-0.019984061025166255,0.13356220722198486,-0.28020310401916504,-0.026794057466172916,0.13902360200881958,-0.31145113706588745,-0.03245222953715299,0.11366647481918335,-0.13359218835830688,-0.014116897374474746,0.14286541938781738,-0.17192482948303223,-0.02096034599103902,0.1557523012161255,-0.19145166873931885,-0.02277880547203992,0.16503047943115234,-0.20841121673583984,-0.024574807040476543,OPEN_PALM
0.0,0.0,0.0,-0.030540764331817627,-0.06631302833557129,-0.02367508319937528,-0.044508934020996094,-0.14809751510620117,-0.03996599746667684,-0.05113142728805542,-0.2108331322669983,-0.055780801007383474,-0.05822998285293579,-0.26115259528160095,-0.07225697023593725,0.0209389328956604,-0.22195953130722046,-0.023556348884337552,0.026698052883148193,-0.30651694536209106,-0.04885307980500997,0.027087271213531494,-0.36114123463630676,-0.06989376527988256,0.02834862470626831,-0.40621864795684814,-0.0843122480603391,0.05806547403335571,-0.21005111932754517,-0.028424301201336988,0.08657598495483398,-0.2998025715351105,-0.04707925675236524,0.09366130828857422,-0.35347455739974976,-0.06068907586657346,0.09817373752593994,-0.39492982625961304,-0.07051316184722722,0.0853150486946106,-0.18106406927108765,-0.03707595078074277,0.11326372623443604,-0.2573099136352539,-0.05455282239043058,0.11499977111816406,-0.30524954199790955,-0.06132425648891271,0.11523091793060303,-0.3412952423095703,-0.0663332892748052,0.10461348295211792,-0.1384589672088623,-0.04864090589606107,0.12298393249511719,-0.18888640403747559,-0.060300986299150594,0.11851108074188232,-0.215684175491333,-0.05966925157033742,0.11360198259353638,-0.2347196340560913,-0.05914815423809827,OPEN_PALM
0.0,0.0,0.0,-0.039401888847351074,-0.06041741371154785,-0.02287274113833604,-0.06308317184448242,-0.13575947284698486,-0.04059552661120591,-0.07135426998138428,-0.19177097082138062,-0.0593425508493155,-0.07703614234924316,-0.2330971658229828,-0.07892560101091561,-0.0013895630836486816,-0.2239089012145996,-0.021058263992664195,0.003980517387390137,-0.3115013837814331,-0.046661763256189204,-0.00019228458404541016,-0.36461395025253296,-0.06849107033550439,-0.0037851333618164062,-0.4080355167388916,-0.08334401882230935,0.035500526428222656,-0.2173687219619751,-0.02617965525924859,0.05103623867034912,-0.31418949365615845,-0.044872413193580485,0.04857915639877319,-0.3691432476043701,-0.06019571310817895,0.04509526491165161,-0.4107265770435333,-0.07225809878647027,0.06565988063812256,-0.19284731149673462,-0.0352062906974524,0.08176654577255249,-0.2796165943145752,-0.0536251131349772,0.07780003547668457,-0.3211047053337097,-0.062075364207622385,0.07347851991653442,-0.3495522737503052,-0.06800072527467904,0.09023964405059814,-0.1566638946533203,-0.0471243735307425,0.1126476526260376,-0.21389728784561157,-0.060354559486505366,0.11503845453262329,-0.23645451664924622,-0.06231411806285081,0.11545079946517944,-0.24899262189865112,-0.06365102416813073,OPEN_PALM
0.0,0.0,0.0,-0.04454082250595093,-0.05670112371444702,-0.0180306383202975,-0.06771689653396606,-0.13089990615844727,-0.032050813062042494,-0.06147801876068115,-0.17944592237472534,-0.04909241057738711,-0.05058085918426514,-0.20928049087524414,-0.06570642672285487,-0.006660640239715576,-0.21750128269195557,-0.017393025083393354,0.000565946102142334,-0.30530378222465515,-0.03993672735795428,-0.0005893111228942871,-0.3528743386268616,-0.05522845916256358,-0.0036505460739135742,-0.38985222578048706,-0.0629883506129687,0.03243827819824219,-0.20692706108093262,-0.023643173722476263,0.05902284383773804,-0.2956428527832031,-0.04362032420739581,0.07068139314651489,-0.3522489666938782,-0.05790356404885699,0.07896280288696289,-0.3976251780986786,-0.06656513593897273,0.06275445222854614,-0.1796998381614685,-0.03295750029191424,0.056555986404418945,-0.22453397512435913,-0.057181867284626264,0.0374947190284729,-0.1927589774131775,-0.06468374512895991,0.024436593055725098,-0.15994417667388916,-0.06352517984613826,0.08690708875656128,-0.14575588703155518,-0.04410157583460261,0.08963274955749512,-0.19062364101409912,-0.055657370461076994,0.07290345430374146,-0.19042527675628662,-0.05316687606081416,0.05842852592468262,-0.18332725763320923,-0.048919281436056394,OPEN_PALM
0.0,0.0,0.0,-0.04499983787536621,-0.04212820529937744,-0.03156796635771997,-0.06982558965682983,-0.10386258363723755,-0.047931326345455716,-0.04263561964035034,-0.1513296365737915,-0.06464982943321473,-0.0038565993309020996,-0.1837139129638672,-0.07893055842901475,-0.05588632822036743,-0.21231186389923096,-0.018224043563854764,-0.07613629102706909,-0.29599079489707947,-0.04192540587569482,-0.08902102708816528,-0.3487895727157593,-0.058989761189472745,-0.09695631265640259,-0.3966802954673767,-0.07031663672710664,-0.014926910400390625,-0.21772843599319458,-0.020070260182869504,-0.01564788818359375,-0.3238629102706909,-0.04399704353595979,-0.01605379581451416,-0.38771769404411316,-0.05891389565254457,-0.01455610990524292,-0.44031357765197754,-0.06711394505287416,0.021545588970184326,-0.19717514514923096,-0.02662215174819238,0.02354741096496582,-0.2501007318496704,-0.06217399405027635,0.00908350944519043,-0.1956641674041748,-0.06684225218082673,-0.0012325048446655273,-0.15156352519989014,-0.06032380999709375,0.05430692434310913,-0.16105055809020996,-0.036104189024221967,0.05855667591094971,-0.20234280824661255,-0.06204980777288682,0.04010528326034546,-0.17030370235443115,-0.059651070997965405,0.024013102054595947,-0.13812154531478882,-0.05217505784417398,PEACE
0.0,0.0,0.0,-0.04540383815765381,-0.044533729553222656,-0.02839881613778772,-0.0692136287689209,-0.10609215497970581,-0.04239959701823892,-0.04079657793045044,-0.1532267928123474,-0.057181429713246246,-0.002851426601409912,-0.18444472551345825,-0.06958010107207002,-0.05721312761306763,-0.2146046757698059,-0.014154440387365241,-0.07843619585037231,-0.3006095290184021,-0.0361430613689393,-0.09070742130279541,-0.35409626364707947,-0.05268131628560724,-0.09833824634552002,-0.4031088948249817,-0.06378705859112443,-0.01683109998703003,-0.21944034099578857,-0.0167000914357871,-0.017236292362213135,-0.32642829418182373,-0.03836076393651666,-0.016092121601104736,-0.3899872303009033,-0.05241218268799486,-0.0146750807762146,-0.44214093685150146,-0.06026336237716379,0.019803166389465332,-0.19795852899551392,-0.02369690559732618,0.02175605297088623,-0.2525925040245056,-0.05640152901339235,0.00742030143737793,-0.1965351700782776,-0.05927994161772432,-0.003159642219543457,-0.15259188413619995,-0.051992547362324615,0.05246448516845703,-0.1609055995941162,-0.033503179102417846,0.05647975206375122,-0.20530009269714355,-0.057161789982792754,0.03855496644973755,-0.1712566614151001,-0.05291018694567384,0.023836374282836914,-0.13784998655319214,-0.04427119776534738,PEACE
0.0,0.0,0.0,-0.045707643032073975,-0.046043336391448975,-0.027903864571911186,-0.06904476881027222,-0.1084098219871521,-0.041514199638825744,-0.03936725854873657,-0.1547951102256775,-0.056015719140035,-0.000663459300994873,-0.1839972734451294,-0.06810223352358946,-0.05650913715362549,-0.21684962511062622,-0.0131132802386702,-0.07804161310195923,-0.3002071976661682,-0.03532381024406561,-0.09045946598052979,-0.35323670506477356,-0.05255689513133177,-0.09855222702026367,-0.4020916223526001,-0.06413695257352003,-0.016713082790374756,-0.22153520584106445,-0.015840027893048614,-0.01919257640838623,-0.3281938433647156,-0.03712583746956,-0.018924474716186523,-0.3921506404876709,-0.05122223910139212,-0.017665505409240723,-0.44430333375930786,-0.059270121568900436,0.01987534761428833,-0.1993592381477356,-0.023067223319870322,0.020622193813323975,-0.2542700171470642,-0.05559157621310362,0.006865024566650391,-0.1995776891708374,-0.0592612516526998,-0.0029344558715820312,-0.15599775314331055,-0.05268008303092131,0.05260872840881348,-0.1615930199623108,-0.03310629766629347,0.05613088607788086,-0.20451408624649048,-0.05661317374752173,0.03788137435913086,-0.17271345853805542,-0.053136576378804534,0.023284554481506348,-0.14089316129684448,-0.04519974481509337,PEACE
0.0,0.0,0.0,-0.039115071296691895,-0.026746273040771484,-0.02788733817976663,-0.06394457817077637,-0.09255367517471313,-0.04346018411558816,-0.04289168119430542,-0.14134228229522705,-0.060362534004866575,-0.005463838577270508,-0.1712350845336914,-0.0757108939473028,-0.04848819971084595,-0.20118576288223267,-0.011144212785779928,-0.06635618209838867,-0.27952811121940613,-0.03522116817873666,-0.07935106754302979,-0.33096742630004883,-0.05202327050608346,-0.08697372674942017,-0.3717719316482544,-0.062428378838717435,-0.011807799339294434,-0.20378583669662476,-0.01531525828283975,-0.016068756580352783,-0.30671942234039307,-0.04149308555167863,-0.017642080783843994,-0.3694126009941101,-0.057839648205458616,-0.01689934730529785,-0.42118507623672485,-0.06468325235289285,0.023976504802703857,-0.18359094858169556,-0.024200563657700513,0.022790968418121338,-0.2396475076675415,-0.06513232119721124,0.0057784318923950195,-0.18056803941726685,-0.0722054851834173,-0.0043961405754089355,-0.1362818479537964,-0.06463204451245019,0.05949258804321289,-0.14875513315200806,-0.03495213888925264,0.05989968776702881,-0.19095230102539062,-0.0673253101889486,0.04102659225463867,-0.1493978500366211,-0.0666800824586744,0.026938259601593018,-0.11342257261276245,-0.058031038719832395,PEACE
0.0,0.0,0.0,-0.03736203908920288,-0.0285148024559021,-0.029596421367457992,-0.06544041633605957,-0.09026789665222168,-0.047182289383343345,-0.051621317863464355,-0.14187699556350708,-0.06576067345493186,-0.015656352043151855,-0.171542227268219,-0.08263646947496284,-0.05189347267150879,-0.19407564401626587,-0.012280787772468216,-0.06908738613128662,-0.26665759086608887,-0.03578980775826324,-0.0831153392791748,-0.31548988819122314,-0.05297980221264709,-0.0905156135559082,-0.3551904261112213,-0.0643277107393061,-0.015384554862976074,-0.1971372365951538,-0.014746546245149261,-0.02085942029953003,-0.2873249650001526,-0.040154670796326286,-0.02254277467727661,-0.34843000769615173,-0.05673590438716758,-0.02303624153137207,-0.3999596834182739,-0.0646602376019274,0.020348787307739258,-0.17948323488235474,-0.02211480351441253,0.015482187271118164,-0.23456454277038574,-0.06134310500972617,-0.00012284517288208008,-0.17620837688446045,-0.06910042600982536,-0.008880257606506348,-0.12918031215667725,-0.06283640252702583,0.056292593479156494,-0.14869409799575806,-0.03167932616823066,0.053508877754211426,-0.1901293396949768,-0.06381306933515418,0.0355604887008667,-0.15399527549743652,-0.06582164900653709,0.022372961044311523,-0.11918580532073975,-0.059412305674484855,PEACE
0.0,0.0,0.0,-0.04685020446777344,-0.033207833766937256,-0.02648278083529476,-0.07810622453689575,-0.08951592445373535,-0.041717728039884605,-0.06400811672210693,-0.13739019632339478,-0.058941801449918785,-0.03425729274749756,-0.17546874284744263,-0.07455212380614284,-0.07275235652923584,-0.19572365283966064,-0.014211396126711406,-0.10294854640960693,-0.2791316509246826,-0.03701784591999058,-0.12063372135162354,-0.327898770570755,-0.05223925914492611,-0.13099241256713867,-0.37030816078186035,-0.06127282362308506,-0.035263895988464355,-0.2047836184501648,-0.018309266677761116,-0.04629296064376831,-0.30983462929725647,-0.042133541217708625,-0.05401170253753662,-0.3738204836845398,-0.05578230079140667,-0.05922579765319824,-0.42496222257614136,-0.06179850678768162,0.0014817118644714355,-0.19091057777404785,-0.026868303677701988,-0.011759400367736816,-0.24449902772903442,-0.06297697629656795,-0.023698627948760986,-0.18168461322784424,-0.06738703455653194,-0.029155433177947998,-0.1329866647720337,-0.05942978095140461,0.0377042293548584,-0.1612599492073059,-0.037671287915372886,0.03273606300354004,-0.2075229287147522,-0.06323842462029461,0.01647895574569702,-0.1688595414161682,-0.05955094974365238,0.0039078593254089355,-0.13276875019073486,-0.05051681157078747,PEACE
0.0,0.0,0.0,-0.045313358306884766,-0.032527267932891846,-0.023400312859095607,-0.07805389165878296,-0.0898624062538147,-0.037377972725309405,-0.06558787822723389,-0.13916486501693726,-0.05404971596924213,-0.03387242555618286,-0.17470258474349976,-0.06929021013108638,-0.07155025005340576,-0.1942196488380432,-0.010385435644067798,-0.10503000020980835,-0.27621203660964966,-0.03235052210418132,-0.1251978576183319,-0.32567816972732544,-0.046623737189449344,-0.13610929250717163,-0.36830681562423706,-0.05506866109696773,-0.03285074234008789,-0.20389491319656372,-0.01597729009715465,-0.04505026340484619,-0.30966657400131226,-0.03875497785536197,-0.05526763200759888,-0.3735361695289612,-0.051712491187728915,-0.06175810098648071,-0.42272844910621643,-0.056895368370689425,0.0049817562103271484,-0.1910405158996582,-0.025696399259842906,-0.011223375797271729,-0.24696272611618042,-0.06170700547424701,-0.028295278549194336,-0.1875712275505066,-0.06626913380948452,-0.03617715835571289,-0.1385858654975891,-0.05804410261241344,0.04215037822723389,-0.16195076704025269,-0.03726901543465999,0.033283770084381104,-0.20810168981552124,-0.06348275077668575,0.013412058353424072,-0.17014718055725098,-0.05984044504491237,-0.0008246302604675293,-0.1320781111717224,-0.05030643996921924,PEACE
0.0,0.0,0.0,-0.0370708703994751,-0.030053138732910156,-0.016695476435813816,-0.054784178733825684,-0.10346925258636475,-0.02426239412346831,-0.04138457775115967,-0.15630972385406494,-0.03366931278327456,-0.013023734092712402,-0.17663097381591797,-0.041717862077746304,-0.02720654010772705,-0.1743118166923523,-0.003687664932328971,-0.03016650676727295,-0.22902792692184448,-0.026056715585980328,-0.04627102613449097,-0.2191082239151001,-0.042007484772000225,-0.05835151672363281,-0.1941624879837036,-0.049812139310631665,0.0041291117668151855,-0.17274177074432373,-0.006087960042748364,0.009987473487854004,-0.24001342058181763,-0.029477016367707165,-0.010464072227478027,-0.21430665254592896,-0.03999329481342784,-0.025589823722839355,-0.1779804229736328,-0.041263652332816037,0.03407186269760132,-0.1590326428413391,-0.012451416180226715,0.03952527046203613,-0.21544277667999268,-0.03681222472408763,0.018639206886291504,-0.18206602334976196,-0.04029480490902415,0.005199015140533447,-0.14196151494979858,-0.03588254500249377,0.06277883052825928,-0.13797801733016968,-0.02042457025567046,0.06841731071472168,-0.1859554648399353,-0.03861361119965068,0.05328857898712158,-0.17182666063308716,-0.039848049469981106,0.0419045090675354,-0.14398109912872314,-0.03625776369193545,PEACE
0.0,0.0,0.0,-0.03817713260650635,-0.03987836837768555,-0.030304426726857514,-0.05734097957611084,-0.10700947046279907,-0.04775691072360644,-0.03480696678161621,-0.16168689727783203,-0.06641183833495745,0.0037601590156555176,-0.18590772151947021,-0.08302761654273638,-0.04886513948440552,-0.20515871047973633,-0.02253728027359614,-0.07088488340377808,-0.29562175273895264,-0.05093557800070414,-0.08640801906585693,-0.3509275019168854,-0.07092860381023058,-0.09633028507232666,-0.394620805978775,-0.08419188151971468,-0.01009976863861084,-0.20883899927139282,-0.02510601135806212,-0.014319419860839844,-0.31311291456222534,-0.053661607605377526,-0.01656186580657959,-0.3796674609184265,-0.0723730478705562,-0.015250980854034424,-0.43189531564712524,-0.0838772211493648,0.025220870971679688,-0.18982458114624023,-0.03191469277159342,0.031306326389312744,-0.2557505965232849,-0.06883817951099047,0.014895081520080566,-0.203199565410614,-0.07211757491246829,0.003444850444793701,-0.15981823205947876,-0.06526832322494158,0.05954539775848389,-0.1570015549659729,-0.041573793095508904,0.06411713361740112,-0.20729470252990723,-0.06898383836166033,0.04950988292694092,-0.17448705434799194,-0.06728523264543185,0.03730529546737671,-0.14056968688964844,-0.06036733130828509,PEACE
0.0,0.0,0.0,-0.03115391731262207,-0.04253357648849487,-0.028178034543140384,-0.04414790868759155,-0.10967487096786499,-0.043614456622941944,-0.02380216121673584,-0.16055697202682495,-0.06044498291526601,0.014356136322021484,-0.18424469232559204,-0.07586602327142522,-0.030981779098510742,-0.193317711353302,-0.015552278800948116,-0.03738611936569214,-0.2713856101036072,-0.037453318207605335,-0.04278475046157837,-0.3238803744316101,-0.05327814650450513,-0.04278886318206787,-0.36660492420196533,-0.06538298186574742,0.00638425350189209,-0.19740891456604004,-0.01791035962019727,0.0008421540260314941,-0.29471051692962646,-0.043223465054376575,-0.00099945068359375,-0.3595719635486603,-0.05950528216276929,-0.0013425350189208984,-0.4105311930179596,-0.06953252312455938,0.04063647985458374,-0.17973488569259644,-0.024546534015877697,0.04801976680755615,-0.2514786720275879,-0.06111768466149137,0.03651738166809082,-0.20613545179367065,-0.06769024786268041,0.02606832981109619,-0.16452080011367798,-0.06374799665723607,0.07450628280639648,-0.14937204122543335,-0.033553773730142566,0.08215868473052979,-0.20234644412994385,-0.06545567718063161,0.07101333141326904,-0.17271679639816284,-0.0689034780553417,0.05941593647003174,-0.13793158531188965,-0.06520507690225408,PEACE
0.0,0.0,0.0,-0.02729707956314087,-0.058829545974731445,-0.03453386048813911,-0.027520418167114258,-0.13211536407470703,-0.04867337862988563,0.011629939079284668,-0.17856758832931519,-0.06043122927685829,0.05417877435684204,-0.20106518268585205,-0.07059134761830421,-0.014552772045135498,-0.21530109643936157,-0.02821342865964027,-0.0243263840675354,-0.30481767654418945,-0.05115342731615158,-0.03470170497894287,-0.36087244749069214,-0.06752684186240288,-0.042333364486694336,-0.40560197830200195,-0.07781769554158302,0.025403499603271484,-0.21519255638122559,-0.025952890841566045,0.038009703159332275,-0.31830301880836487,-0.046092020673953016,0.043991804122924805,-0.3797125518321991,-0.05894781495472046,0.04750305414199829,-0.42572468519210815,-0.0665751717521772,0.05655616521835327,-0.1917138695716858,-0.02796950968941303,0.07880914211273193,-0.25070270895957947,-0.059366444452010114,0.07070565223693848,-0.21446096897125244,-0.06838469426175209,0.06208616495132446,-0.18233048915863037,-0.06734837065478416,0.08111488819122314,-0.15818464756011963,-0.03249449501772972,0.09588229656219482,-0.20369070768356323,-0.05791892330189796,0.08548396825790405,-0.18034207820892334,-0.05997815947075935,0.0750625729560852,-0.15433722734451294,-0.056743456376992185,PEACE
0.0,0.0,0.0,-0.02352839708328247,-0.060004234313964844,-0.033597913185261064,-0.017955899238586426,-0.13957780599594116,-0.044229917774103455,0.02545452117919922,-0.18133819103240967,-0.052455861667297654,0.07234114408493042,-0.19652628898620605,-0.05879890600790816,-0.004384100437164307,-0.21834814548492432,-0.023066869551442437,-0.011615991592407227,-0.30230697989463806,-0.043575048992536836,-0.019425570964813232,-0.35733842849731445,-0.05666363666405516,-0.02407073974609375,-0.40365785360336304,-0.06366286481370764,0.03330409526824951,-0.21485087275505066,-0.02084830457916098,0.05009394884109497,-0.31654947996139526,-0.040004082569979005,0.05698496103286743,-0.37910616397857666,-0.04984477216949301,0.061032772064208984,-0.428239643573761,-0.05346835831751662,0.06358987092971802,-0.18926608562469482,-0.023325020993254952,0.08048653602600098,-0.22250229120254517,-0.05773536170472937,0.06269270181655884,-0.17472219467163086,-0.06458470279922324,0.05019330978393555,-0.14169210195541382,-0.05867438445439177,0.08814859390258789,-0.15398991107940674,-0.028054224873088174,0.10409730672836304,-0.19371920824050903,-0.05097326690902548,0.08690714836120605,-0.16629213094711304,-0.04718228111615019,0.07264143228530884,-0.14226526021957397,-0.03875673244347411,PEACE
0.0,0.0,0.0,-0.02612936496734619,-0.06286513805389404,-0.0362253675342572,-0.020567655563354492,-0.14230215549468994,-0.04684837927231911,0.027096927165985107,-0.18182772397994995,-0.05459215884218338,0.0737791657447815,-0.19886291027069092,-0.06013281663069847,-0.005058169364929199,-0.21845847368240356,-0.02093313281545761,-0.008517146110534668,-0.30489128828048706,-0.04018371571908119,-0.014860689640045166,-0.3589019179344177,-0.052539933669663696,-0.017908930778503418,-0.4049794673919678,-0.05904465560922745,0.03166306018829346,-0.2122027575969696,-0.016965469542242317,0.05127805471420288,-0.3182812035083771,-0.03506059591779831,0.05760675668716431,-0.3756105899810791,-0.0441178085387719,0.062409400939941406,-0.42094558477401733,-0.04706473668227318,0.059534311294555664,-0.18420672416687012,-0.01821680200407627,0.07776302099227905,-0.2221633493900299,-0.052911889004803925,0.05476874113082886,-0.17495840787887573,-0.05968682860145691,0.038687705993652344,-0.14468085765838623,-0.053218081790305405,0.08124715089797974,-0.1478201150894165,-0.022106616023279457,0.10095322132110596,-0.18777990341186523,-0.04593735580453995,0.08379262685775757,-0.15954649448394775,-0.043386262106992035,0.06885862350463867,-0.13529616594314575,-0.0356741214276326,PEACE
0.0,0.0,0.0,-0.021171391010284424,-0.06599640846252441,-0.03736651973790117,-0.012854337692260742,-0.14371579885482788,-0.04820214496916719,0.034917354583740234,-0.18508648872375488,-0.05592520447439142,0.0831262469291687,-0.2109198272228241,-0.060958947110833606,0.007991790771484375,-0.2279101014137268,-0.016748516876162967,0.003507554531097412,-0.31108608841896057,-0.034390731770457705,-0.003686070442199707,-0.36294540762901306,-0.04721319215363451,-0.006352782249450684,-0.4067932367324829,-0.054344992209138354,0.0440557599067688,-0.2218106985092163,-0.011742841508151969,0.06409001350402832,-0.32775792479515076,-0.027525433394970378,0.07230359315872192,-0.38076508045196533,-0.03687293739980646,0.07865357398986816,-0.4205344319343567,-0.040876451004209,0.07066929340362549,-0.19273972511291504,-0.01228904450303503,0.08828407526016235,-0.2326343059539795,-0.04413501458233782,0.06480497121810913,-0.18609005212783813,-0.05103946389621683,0.04756927490234375,-0.15542489290237427,-0.046126584578217944,0.09106606245040894,-0.15339261293411255,-0.01565750228232332,0.11014676094055176,-0.19330757856369019,-0.037303729969920596,0.09367692470550537,-0.16488897800445557,-0.03449097188180872,0.0795627236366272,-0.14128845930099487,-0.027285409215750178,PEACE
0.0,0.0,0.0,-0.026094675064086914,-0.06243854761123657,-0.035103110249359304,-0.019267618656158447,-0.1387118101119995,-0.04665361868890017,0.02993953227996826,-0.17518013715744019,-0.055433192874509984,0.07911670207977295,-0.1904240846633911,-0.062144150610286886,-0.0004284381866455078,-0.21914881467819214,-0.02186471934171408,-0.0014620423316955566,-0.3006535768508911,-0.039326259519178564,-0.005235552787780762,-0.3537482023239136,-0.05064790102394312,-0.005079388618469238,-0.39787375926971436,-0.05727580713780611,0.03637415170669556,-0.21191707253456116,-0.018127729769069845,0.05761146545410156,-0.3137458860874176,-0.0341890506699869,0.06674468517303467,-0.3682064414024353,-0.041774106796104604,0.07382440567016602,-0.40678977966308594,-0.04479690792711466,0.06472748517990112,-0.18274980783462524,-0.019144624124486143,0.08443868160247803,-0.22192874550819397,-0.050174483682233983,0.06340432167053223,-0.18099993467330933,-0.055657809253055746,0.047746241092681885,-0.1514979600906372,-0.05052614363582819,0.08721941709518433,-0.1433846354484558,-0.022855359713751966,0.10829395055770874,-0.18071407079696655,-0.04458122479470461,0.08961951732635498,-0.15516626834869385,-0.04180303740056246,0.07373744249343872,-0.1332300901412964,-0.03497930395158022,PEACE
0.0,0.0,0.0,-0.029722869396209717,-0.06197291612625122,-0.034408722533756375,-0.025876879692077637,-0.14141076803207397,-0.04507806570726025,0.021137773990631104,-0.1838023066520691,-0.053627748503261685,0.0676720142364502,-0.20601710677146912,-0.0598956835408746,-0.008014798164367676,-0.21909251809120178,-0.01890190736847508,-0.010259270668029785,-0.3062368333339691,-0.03828517021136868,-0.014560282230377197,-0.3592973053455353,-0.049959030463272214,-0.015552401542663574,-0.4040505588054657,-0.05586745263534176,0.028942584991455078,-0.21393081545829773,-0.01608961121636021,0.05055743455886841,-0.32046040892601013,-0.03546261460977185,0.059189677238464355,-0.3786395192146301,-0.044908635779195905,0.06700867414474487,-0.42264339327812195,-0.04739321814375508,0.05735933780670166,-0.1861729621887207,-0.018433200656348347,0.06778460741043091,-0.22331085801124573,-0.05349168600040066,0.04370129108428955,-0.17490482330322266,-0.05980379180508244,0.029362142086029053,-0.1417229175567627,-0.052388735576444745,0.07936310768127441,-0.149600088596344,-0.023321252777153134,0.09192311763763428,-0.18733584880828857,-0.046405110969120145,0.07380557060241699,-0.15736287832260132,-0.043311473443084836,0.061162352561950684,-0.13163542747497559,-0.03492191852527249,PEACE
0.0,0.0,0.0,-0.032278597354888916,-0.06064862012863159,-0.03167276533968888,-0.03592872619628906,-0.13491606712341309,-0.04392299878128014,0.006704866886138916,-0.17532795667648315,-0.05522932561762772,0.04888629913330078,-0.19952994585037231,-0.06385901647336922,-0.01639115810394287,-0.22125962376594543,-0.01587446856029473,-0.025927066802978516,-0.3054804503917694,-0.036404647703246695,-0.03293430805206299,-0.3558650016784668,-0.050585680480079276,-0.03654199838638306,-0.4005569815635681,-0.059008271272258384,0.02191925048828125,-0.21790766716003418,-0.015084105382637603,0.03556448221206665,-0.31988441944122314,-0.03492545413501702,0.043690264225006104,-0.37663742899894714,-0.04567303585536919,0.05126148462295532,-0.42325639724731445,-0.050290972764567954,0.05184704065322876,-0.19053590297698975,-0.019426225523428542,0.06570398807525635,-0.23481237888336182,-0.052640751774386985,0.04809117317199707,-0.18364232778549194,-0.057137687529401404,0.034822702407836914,-0.14768671989440918,-0.04972417357094727,0.07517367601394653,-0.1509501338005066,-0.0265693765384718,0.09003180265426636,-0.19138437509536743,-0.04829033541210137,0.07437336444854736,-0.16256093978881836,-0.04477460759408913,0.06162840127944946,-0.13613063097000122,-0.03667852732069932,PEACE
0.0,0.0,0.0,-0.032278597354888916,-0.06064862012863159,-0.03167276533968888,-0.03592872619628906,-0.13491606712341309,-0.04392299878128014,0.006704866886138916,-0.17532795667648315,-0.05522932561762772,0.04888629913330078,-0.19952994585037231,-0.06385901647336922,-0.01639115810394287,-0.22125962376594543,-0.01587446856029473,-0.025927066802978516,-0.3054804503917694,-0.036404647703246695,-0.03293430805206299,-0.3558650016784668,-0.050585680480079276,-0.03654199838638306,-0.4005569815635681,-0.059008271272258384,0.02191925048828125,-0.21790766716003418,-0.015084105382637603,0.03556448221206665,-0.31988441944122314,-0.03492545413501702,0.043690264225006104,-0.37663742899894714,-0.04567303585536919,0.05126148462295532,-0.42325639724731445,-0.050290972764567954,0.05184704065322876,-0.19053590297698975,-0.019426225523428542,0.06570398807525635,-0.23481237888336182,-0.052640751774386985,0.04809117317199707,-0.18364232778549194,-0.057137687529401404,0.034822702407836914,-0.14768671989440918,-0.04972417357094727,0.07517367601394653,-0.1509501338005066,-0.0265693765384718,0.09003180265426636,-0.19138437509536743,-0.04829033541210137,0.07437336444854736,-0.16256093978881836,-0.04477460759408913,0.06162840127944946,-0.13613063097000122,-0.03667852732069932,PEACE
0.0,0.0,0.0,-0.033301353454589844,-0.061887383460998535,-0.03381475852983584,-0.0388796329498291,-0.13595831394195557,-0.04629199626105418,0.00377047061920166,-0.17799407243728638,-0.057255257388526104,0.047614455223083496,-0.20260995626449585,-0.0651772548462688,-0.019968390464782715,-0.22606700658798218,-0.015694700648957394,-0.03075265884399414,-0.3109706938266754,-0.034663185944729946,-0.03721928596496582,-0.3612271249294281,-0.047707949301177166,-0.04027068614959717,-0.40546920895576477,-0.05534101324337115,0.01864778995513916,-0.22225695848464966,-0.013261466754549645,0.03139132261276245,-0.3251582086086273,-0.03191327722924342,0.03900998830795288,-0.38130033016204834,-0.04160251515167346,0.045961618423461914,-0.4265904426574707,-0.04518713476317515,0.04890620708465576,-0.19430041313171387,-0.016312316527539394,0.06039774417877197,-0.2372685670852661,-0.04903103830474009,0.04257422685623169,-0.18549025058746338,-0.054106079509431027,0.029737114906311035,-0.14945381879806519,-0.04664506437438121,0.0726923942565918,-0.15486258268356323,-0.022322874983721874,0.08790910243988037,-0.19523030519485474,-0.0434991088713943,0.0724724531173706,-0.16751587390899658,-0.04065339686530223,0.059978485107421875,-0.1423509120941162,-0.03292208211677661,PEACE
0.0,0.0,0.0,-0.032372117042541504,-0.06558811664581299,-0.03396410968132102,-0.03293877840042114,-0.13973009586334229,-0.04544973101444327,0.010756731033325195,-0.1806168556213379,-0.05515239115781867,0.0529782772064209,-0.2048003077507019,-0.06216010551877105,-0.01238185167312622,-0.2248443067073822,-0.016878799609614248,-0.021401166915893555,-0.3106488585472107,-0.0351417484504708,-0.027616918087005615,-0.3617783188819885,-0.04806160282321059,-0.029538869857788086,-0.4078015387058258,-0.05602574449009978,0.02594822645187378,-0.2195182740688324,-0.014240890815628404,0.04168510437011719,-0.3219831585884094,-0.031600435338688726,0.049861907958984375,-0.3794991374015808,-0.04083972524828994,0.0575566291809082,-0.4252651333808899,-0.04481915485091292,0.05462223291397095,-0.19047963619232178,-0.01698279481358611,0.06978398561477661,-0.23586976528167725,-0.04878474872536742,0.048900306224823,-0.18724435567855835,-0.05389825727768027,0.03425520658493042,-0.1513381004333496,-0.04734172772593581,0.07722300291061401,-0.1517716646194458,-0.02273943003244483,0.09253466129302979,-0.19028550386428833,-0.04483085971303069,0.07639741897583008,-0.16386860609054565,-0.043007426969481344,0.06420630216598511,-0.13931936025619507,-0.03627721693344199,PEACE
0.0,0.0,0.0,-0.030983805656433105,-0.06573998928070068,-0.03508690208490606,-0.03263145685195923,-0.14035135507583618,-0.046635342988331274,0.01105201244354248,-0.1813482642173767,-0.05645258933599706,0.052564024925231934,-0.2081342339515686,-0.06343285575803037,-0.012636721134185791,-0.2291882038116455,-0.013757842819352106,-0.020406663417816162,-0.3138677477836609,-0.03242017165120359,-0.02604079246520996,-0.3648807406425476,-0.04609169647391553,-0.02850210666656494,-0.41081464290618896,-0.054537723067362265,0.025789916515350342,-0.22369295358657837,-0.011179706308205084,0.041060447692871094,-0.3262624740600586,-0.02897568255956884,0.04946625232696533,-0.3817559480667114,-0.039002025726396994,0.05745422840118408,-0.4261168837547302,-0.04338148445184942,0.05398792028427124,-0.19445252418518066,-0.014522735255916075,0.07133758068084717,-0.23980766534805298,-0.04842785582240339,0.051597774028778076,-0.1897985339164734,-0.054888459148962454,0.03682476282119751,-0.15386337041854858,-0.048848109546263174,0.07641106843948364,-0.1551053524017334,-0.020894460606534437,0.09300953149795532,-0.1924833059310913,-0.045728845748264746,0.07594931125640869,-0.16462111473083496,-0.04535770997699018,0.0621415376663208,-0.1402226686477661,-0.03931401133831258,PEACE
0.0,0.0,0.0,-0.03269118070602417,-0.06674116849899292,-0.036930245247072335,-0.033398568630218506,-0.14284032583236694,-0.049003195848650094,0.010250866413116455,-0.18531125783920288,-0.058701847579664346,0.0541803240776062,-0.21118482947349548,-0.06546783902902042,-0.010204017162322998,-0.22656816244125366,-0.016967761230057832,-0.01828610897064209,-0.3122605085372925,-0.03456574761528408,-0.025234639644622803,-0.3626573085784912,-0.04708357983488476,-0.027190327644348145,-0.40828418731689453,-0.05474820816177761,0.0276564359664917,-0.22073271870613098,-0.012363077972418424,0.04241180419921875,-0.32171183824539185,-0.029324701886958238,0.049548208713531494,-0.3784259557723999,-0.03901760363239681,0.056350529193878174,-0.42427685856819153,-0.043486484226173516,0.055931031703948975,-0.1919558048248291,-0.01343256877023613,0.06903952360153198,-0.23528710007667542,-0.04589453795213139,0.04748421907424927,-0.1857219934463501,-0.05213450351018345,0.03257739543914795,-0.15025204420089722,-0.04636118271607792,0.07876241207122803,-0.1540018916130066,-0.017637706261462327,0.09303700923919678,-0.18917495012283325,-0.04042172887582218,0.07752227783203125,-0.16239041090011597,-0.03954895668882763,0.06600320339202881,-0.13828086853027344,-0.0335298039879266,PEACE
0.0,0.0,0.0,-0.03205448389053345,-0.06601828336715698,-0.03964723966286243,-0.03251737356185913,-0.1406552791595459,-0.05255394748613895,0.011950373649597168,-0.18219077587127686,-0.06277922488019527,0.055593788623809814,-0.208296000957489,-0.06978789664075435,-0.010815083980560303,-0.22453910112380981,-0.018154158659434927,-0.017734169960021973,-0.31241053342819214,-0.0361840645150906,-0.02306288480758667,-0.36381083726882935,-0.04868509195015491,-0.02410215139389038,-0.4108577370643616,-0.05623207933471264,0.026482105255126953,-0.21876785159111023,-0.01241937692478956,0.04281133413314819,-0.31939569115638733,-0.03070525958404602,0.0515865683555603,-0.3776317238807678,-0.041196703381991995,0.059464335441589355,-0.4246273636817932,-0.045545890398479116,0.054327428340911865,-0.190285325050354,-0.012753877259946478,0.0662042498588562,-0.23020917177200317,-0.046959369845843923,0.04409247636795044,-0.18073439598083496,-0.05475007317230762,0.029141366481781006,-0.1444494128227234,-0.04892238921687664,0.07741057872772217,-0.1536942720413208,-0.01644639804229797,0.09266114234924316,-0.1885315179824829,-0.04078455216453136,0.07693660259246826,-0.16336995363235474,-0.04135621286199154,0.06492859125137329,-0.13970327377319336,-0.03570127434299053,PEACE
0.0,0.0,0.0,-0.03234666585922241,-0.06741398572921753,-0.03926430829970684,-0.03204590082168579,-0.14376217126846313,-0.05198479258625355,0.01314234733581543,-0.18376821279525757,-0.062109125789092445,0.05753517150878906,-0.20939207077026367,-0.0691200513502821,-0.0102120041847229,-0.22560209035873413,-0.018802791844890976,-0.017386674880981445,-0.31277766823768616,-0.03746033274738636,-0.02308553457260132,-0.3642722964286804,-0.05020294525830593,-0.024619102478027344,-0.41192004084587097,-0.05778392964212742,0.026644885540008545,-0.21981188654899597,-0.013643107388006115,0.04317528009414673,-0.3203051686286926,-0.0324100572725996,0.052011191844940186,-0.3791252076625824,-0.04260024243204441,0.05967193841934204,-0.4264158606529236,-0.04665846937506046,0.05417954921722412,-0.1915944218635559,-0.014636896561668777,0.06635034084320068,-0.2301613986492157,-0.04968129285781231,0.044185757637023926,-0.17998665571212769,-0.057381635542796516,0.029276013374328613,-0.14420384168624878,-0.05138014816849079,0.07733476161956787,-0.1552417278289795,-0.01896919683723297,0.09295052289962769,-0.18924319744110107,-0.043902458634065056,0.07617735862731934,-0.16292178630828857,-0.044370373722003364,0.06361377239227295,-0.13963693380355835,-0.03869898059575405,PEACE
0.0,0.0,0.0,-0.03165566921234131,-0.06525945663452148,-0.035212912558932885,-0.031681835651397705,-0.14045333862304688,-0.046132416426559075,0.012750804424285889,-0.18226367235183716,-0.05538541167916833,0.055284857749938965,-0.20974308252334595,-0.06180515974702416,-0.01064068078994751,-0.22311198711395264,-0.012898021339793786,-0.017393887042999268,-0.30894118547439575,-0.0304739335173565,-0.022460997104644775,-0.3599325716495514,-0.04290279462875901,-0.023135066032409668,-0.40674299001693726,-0.050381069033761605,0.026924312114715576,-0.21785759925842285,-0.009486848450620755,0.043438076972961426,-0.31748467683792114,-0.02757783882262288,0.05225968360900879,-0.375005841255188,-0.038899560421128854,0.06049799919128418,-0.4211829900741577,-0.04369671732129632,0.054986536502838135,-0.19024312496185303,-0.011735949627478703,0.06834673881530762,-0.22888681292533875,-0.046058253347297295,0.04747486114501953,-0.17966347932815552,-0.054169465749879464,0.032778799533843994,-0.1436988115310669,-0.04845021009387551,0.07803529500961304,-0.1539410948753357,-0.016887110620160684,0.09371829032897949,-0.18826544284820557,-0.04149733945669709,0.07793879508972168,-0.16065776348114014,-0.04152219459356843,0.06519150733947754,-0.13494694232940674,-0.03520383402647553,PEACE
0.0,0.0,0.0,-0.03069239854812622,-0.06399756669998169,-0.03532381574510168,-0.03064960241317749,-0.13870787620544434,-0.04610943640469145,0.015294432640075684,-0.180761456489563,-0.05500943432448935,0.05884993076324463,-0.2087830901145935,-0.06102784196733069,-0.012456953525543213,-0.2235872745513916,-0.01294885515122246,-0.01909726858139038,-0.31097978353500366,-0.0301504399150474,-0.023769795894622803,-0.36239445209503174,-0.041886614960418456,-0.024861454963684082,-0.4087541699409485,-0.04850298012493681,0.025228917598724365,-0.21792763471603394,-0.009141949330256693,0.04220736026763916,-0.318170428276062,-0.026710540381060355,0.051078975200653076,-0.37586015462875366,-0.03754983688591551,0.058994412422180176,-0.4224926233291626,-0.04157159696219992,0.05370962619781494,-0.1897670030593872,-0.010999767434583418,0.06625974178314209,-0.22569888830184937,-0.04496553758977484,0.0475003719329834,-0.17588067054748535,-0.05342357451914381,0.03516364097595215,-0.14090561866760254,-0.04755984092949461,0.07698571681976318,-0.15345722436904907,-0.01562695610223841,0.09258049726486206,-0.18812084197998047,-0.039134027761207335,0.07798868417739868,-0.16102290153503418,-0.038726473551975005,0.06692487001419067,-0.13636618852615356,-0.03199919904469084,PEACE
0.0,0.0,0.0,-0.030748188495635986,-0.06623584032058716,-0.033733886263785706,-0.029750704765319824,-0.14265573024749756,-0.044013683281360017,0.01589488983154297,-0.18685001134872437,-0.05266443320315872,0.060454487800598145,-0.2141384482383728,-0.05838270538252388,-0.010352790355682373,-0.22394230961799622,-0.012313631891725407,-0.01594167947769165,-0.3130030632019043,-0.028958056650576935,-0.02111232280731201,-0.3642842769622803,-0.040174112252412186,-0.021591126918792725,-0.41116878390312195,-0.04664795153540169,0.02726203203201294,-0.21971046924591064,-0.009150375209269868,0.044930100440979004,-0.32294008135795593,-0.02551941626471077,0.053003549575805664,-0.3810982406139374,-0.03476985224288498,0.06044656038284302,-0.42807769775390625,-0.037978932789979325,0.056046128273010254,-0.19213521480560303,-0.011471577517209397,0.0679616928100586,-0.23294410109519958,-0.043532189510283814,0.04642432928085327,-0.1828465461730957,-0.04962648504179512,0.03279387950897217,-0.14732766151428223,-0.042737134329495774,0.07971614599227905,-0.15519291162490845,-0.016662871993599282,0.09607887268066406,-0.19308555126190186,-0.03888076969188248,0.07897579669952393,-0.16560900211334229,-0.03692398273151909,0.06615853309631348,-0.14029765129089355,-0.029435895911870347,PEACE
0.0,0.0,0.0,0.043113142251968384,-0.02789437770843506,-0.02418724271316819,0.06427845358848572,-0.06669926643371582,-0.04380924451012902,0.06448712944984436,-0.10032063722610474,-0.0650977288450747,0.050505101680755615,-0.13921737670898438,-0.08626356917281441,0.029910415410995483,-0.17103374004364014,-0.031021874498918578,0.04901817440986633,-0.2438901960849762,-0.05369975241680436,0.05716007947921753,-0.29133570194244385,-0.069065729257062,0.06089097261428833,-0.3344467878341675,-0.08139392929930978,-0.001496821641921997,-0.16569113731384277,-0.040584927525713965,-0.012895852327346802,-0.2626664638519287,-0.07099647271294884,-0.01767289638519287,-0.31632623076438904,-0.09062938588519387,-0.02353346347808838,-0.36503782868385315,-0.10321960049529366,-0.02810579538345337,-0.14131683111190796,-0.05268945368786149,-0.008553564548492432,-0.20997488498687744,-0.09691564190049462,0.029319465160369873,-0.17059975862503052,-0.110142888602212,0.05003631114959717,-0.13435590267181396,-0.1109077428545504,-0.04812854528427124,-0.10502445697784424,-0.06587057757039361,-0.01744866371154785,-0.14415591955184937,-0.10611717599292092,0.012453645467758179,-0.11766773462295532,-0.11637502360005669,0.02780383825302124,-0.09049183130264282,-0.11819482791085534,PEACE
0.0,0.0,0.0,0.041611701250076294,-0.026103198528289795,-0.024805279147500414,0.06344360113143921,-0.06436914205551147,-0.04335585206436576,0.06313616037368774,-0.0980454683303833,-0.06296642839598121,0.05113092064857483,-0.13709568977355957,-0.08208920031475486,0.028933614492416382,-0.16963601112365723,-0.031214836683744807,0.04763162136077881,-0.24258160591125488,-0.05450960218595924,0.05509817600250244,-0.28915685415267944,-0.07017705559420051,0.05803999304771423,-0.3313096761703491,-0.0822026875584072,-0.002406597137451172,-0.16504842042922974,-0.03948871761249961,-0.015119493007659912,-0.2606223225593567,-0.07066180526899757,-0.021386146545410156,-0.3134461045265198,-0.09073072641777458,-0.028195500373840332,-0.35919204354286194,-0.102868415114159,-0.029173046350479126,-0.14043563604354858,-0.050203773823255915,-0.01193341612815857,-0.20556336641311646,-0.09404288202213706,0.02500361204147339,-0.16972345113754272,-0.10743961453127326,0.04765385389328003,-0.1361585259437561,-0.1079665493934101,-0.049802690744400024,-0.10397428274154663,-0.06199743196057739,-0.021927356719970703,-0.1403331160545349,-0.1020383906333393,0.00774616003036499,-0.11615067720413208,-0.11213774949001731,0.025402426719665527,-0.09100526571273804,-0.11321032762216987,PEACE
0.0,0.0,0.0,0.041611701250076294,-0.026103198528289795,-0.024805279147500414,0.06344360113143921,-0.06436914205551147,-0.04335585206436576,0.06313616037368774,-0.0980454683303833,-0.06296642839598121,0.05113092064857483,-0.13709568977355957,-0.08208920031475486,0.028933614492416382,-0.16963601112365723,-0.031214836683744807,0.04763162136077881,-0.24258160591125488,-0.05450960218595924,0.05509817600250244,-0.28915685415267944,-0.07017705559420051,0.05803999304771423,-0.3313096761703491,-0.0822026875584072,-0.002406597137451172,-0.16504842042922974,-0.03948871761249961,-0.015119493007659912,-0.2606223225593567,-0.07066180526899757,-0.021386146545410156,-0.3134461045265198,-0.09073072641777458,-0.028195500373840332,-0.35919204354286194,-0.102868415114159,-0.029173046350479126,-0.14043563604354858,-0.050203773823255915,-0.01193341612815857,-0.20556336641311646,-0.09404288202213706,0.02500361204147339,-0.16972345113754272,-0.10743961453127326,0.04765385389328003,-0.1361585259437561,-0.1079665493934101,-0.049802690744400024,-0.10397428274154663,-0.06199743196057739,-0.021927356719970703,-0.1403331160545349,-0.1020383906333393,0.00774616003036499,-0.11615067720413208,-0.11213774949001731,0.025402426719665527,-0.09100526571273804,-0.11321032762216987,PEACE
0.0,0.0,0.0,0.041212767362594604,-0.02668052911758423,-0.02392355450487571,0.062107473611831665,-0.06636554002761841,-0.042636874179009965,0.061355382204055786,-0.10151857137680054,-0.06280727596080737,0.04878652095794678,-0.14123988151550293,-0.08270439417159992,0.027054280042648315,-0.16787827014923096,-0.029777267063622048,0.04512554407119751,-0.2406366467475891,-0.05265070037043529,0.053035736083984375,-0.2885276675224304,-0.06796667636430698,0.05631661415100098,-0.33149391412734985,-0.0799186146358295,-0.003857046365737915,-0.1635316014289856,-0.03916050405300098,-0.0176430344581604,-0.261671245098114,-0.0695486953953548,-0.022743135690689087,-0.31591856479644775,-0.08844456733262973,-0.029089748859405518,-0.3635600209236145,-0.09996390999353366,-0.030151307582855225,-0.13899976015090942,-0.051129090646867326,-0.011614769697189331,-0.20727625489234924,-0.09534942270315128,0.02575528621673584,-0.16801512241363525,-0.10727795870101886,0.04672399163246155,-0.1325346827507019,-0.1066452255944057,-0.05051469802856445,-0.10278016328811646,-0.06415736586845355,-0.021769464015960693,-0.14182281494140625,-0.10489538968599277,0.008460193872451782,-0.1159820556640625,-0.11426681936777072,0.02506321668624878,-0.08976942300796509,-0.11475215018785434,PEACE
0.0,0.0,0.0,0.04879331588745117,-0.027539432048797607,-0.024996297349730412,0.06800216436386108,-0.061286211013793945,-0.05187979890922634,0.06940868496894836,-0.09097564220428467,-0.0827910545370969,0.05725395679473877,-0.13383769989013672,-0.11479465841273395,0.036429405212402344,-0.17188549041748047,-0.033213948746720234,0.05664739012718201,-0.24274486303329468,-0.057338723828593174,0.0659203827381134,-0.29380083084106445,-0.07301103501538364,0.06953909993171692,-0.33578237891197205,-0.08590961425522892,0.0038026273250579834,-0.16417962312698364,-0.048017492433586995,-0.00741991400718689,-0.2635526657104492,-0.07907030164221851,-0.016539573669433594,-0.3164096176624298,-0.09844611762980549,-0.02241116762161255,-0.3676452040672302,-0.1111932414672765,-0.02399212121963501,-0.139862060546875,-0.06614102601031391,-0.001716524362564087,-0.20599967241287231,-0.11191074727992145,0.032622337341308594,-0.16323399543762207,-0.12717849194029895,0.05119827389717102,-0.12455356121063232,-0.13030091105918018,-0.044308483600616455,-0.10505568981170654,-0.08570889561394779,-0.014390051364898682,-0.13869017362594604,-0.12856801032046405,0.018220603466033936,-0.11058610677719116,-0.14191051005343525,0.0374813973903656,-0.08140385150909424,-0.1468396651647481,PEACE
0.0,0.0,0.0,0.048352599143981934,-0.027142107486724854,-0.023904520006311714,0.06906452775001526,-0.06320089101791382,-0.046897333966029464,0.07280415296554565,-0.09707015752792358,-0.07194192792607623,0.05626055598258972,-0.13677406311035156,-0.09866242195798236,0.04035559296607971,-0.17487448453903198,-0.03618909503651935,0.05891677737236023,-0.2495267391204834,-0.05611709962917644,0.06743448972702026,-0.2959016263484955,-0.07003944452239352,0.06974783539772034,-0.33917856216430664,-0.08227478052808124,0.0102461576461792,-0.16781413555145264,-0.04629670541120845,-0.004972636699676514,-0.2668173313140869,-0.07336708988381702,-0.013892978429794312,-0.3201022148132324,-0.09110082025958377,-0.02013951539993286,-0.37140601873397827,-0.10402017171813327,-0.0179482102394104,-0.14082038402557373,-0.058385719464553176,0.0014870166778564453,-0.20523884892463684,-0.09797126139832812,0.03529819846153259,-0.1650083065032959,-0.11241614158583957,0.0534805953502655,-0.12626469135284424,-0.1167146870060094,-0.040507346391677856,-0.10278666019439697,-0.07142605717612582,-0.013267576694488525,-0.14294052124023438,-0.10957849855853397,0.015723049640655518,-0.11683017015457153,-0.1211036601228841,0.03315174579620361,-0.08735674619674683,-0.12568306262923556,PEACE
0.0,0.0,0.0,0.04700577259063721,-0.027850449085235596,-0.026468327103060574,0.06816437840461731,-0.06504136323928833,-0.04845940305094132,0.07176050543785095,-0.10083538293838501,-0.07177879644731888,0.055207133293151855,-0.13879358768463135,-0.09562683833937058,0.03907826542854309,-0.1788892149925232,-0.03417686356405625,0.057479679584503174,-0.25400444865226746,-0.05426680280069718,0.06491386890411377,-0.3012644350528717,-0.06819185597996125,0.06772640347480774,-0.3438021242618561,-0.0800424738059462,0.007556170225143433,-0.17454618215560913,-0.041849255395931095,-0.006889402866363525,-0.2721971869468689,-0.06962134672502884,-0.015196114778518677,-0.3246133625507355,-0.08710227145056137,-0.02086549997329712,-0.37310507893562317,-0.09889296425680527,-0.02139037847518921,-0.14851248264312744,-0.051869269294542164,-0.0004792213439941406,-0.2104775309562683,-0.09216690046886811,0.03421294689178467,-0.17021209001541138,-0.10534208251337418,0.05351221561431885,-0.13168281316757202,-0.10771328194240937,-0.044000715017318726,-0.11015599966049194,-0.06322981400589356,-0.015299558639526367,-0.14617538452148438,-0.10189798457722077,0.013680249452590942,-0.12082332372665405,-0.11316611601213822,0.03132548928260803,-0.09383761882781982,-0.11659555865625748,PEACE
0.0,0.0,0.0,0.04366275668144226,-0.027698516845703125,-0.02654027531323777,0.06492382287979126,-0.06668734550476074,-0.047251263283470735,0.0708884596824646,-0.10135102272033691,-0.06862737762210713,0.056814610958099365,-0.13797128200531006,-0.09067076968429433,0.0362490713596344,-0.17450404167175293,-0.03453450801251279,0.05459064245223999,-0.2515435516834259,-0.05387358518717633,0.06421852111816406,-0.2998117208480835,-0.06728876905916081,0.0678623616695404,-0.3443114161491394,-0.07863744127033101,0.005189001560211182,-0.17055577039718628,-0.040825472794750794,-0.009580671787261963,-0.2698312997817993,-0.06791087763784276,-0.01533159613609314,-0.32390838861465454,-0.08511623518941747,-0.02124840021133423,-0.37393856048583984,-0.09661673533199178,-0.023257851600646973,-0.1455395221710205,-0.04918075504181729,-0.0012034475803375244,-0.21276336908340454,-0.08930589782474385,0.03505706787109375,-0.17413330078125,-0.10215475188968526,0.05351722240447998,-0.1375575065612793,-0.10405114816902028,-0.04607006907463074,-0.10861378908157349,-0.058627443038204774,-0.01530301570892334,-0.14972352981567383,-0.09724716620920049,0.012248218059539795,-0.1209186315536499,-0.10681370424507008,0.02567148208618164,-0.09049355983734131,-0.10860394465206014,PEACE
0.0,0.0,0.0,0.04513442516326904,-0.02293252944946289,-0.0310383786691375,0.06768003106117249,-0.058988332748413086,-0.05631669361721947,0.07282540202140808,-0.09356808662414551,-0.08210015047919228,0.05757284164428711,-0.13123804330825806,-0.10837794591319039,0.042087435722351074,-0.1701430082321167,-0.04054140795599892,0.06623521447181702,-0.2418956160545349,-0.06293940295111611,0.07888135313987732,-0.29059040546417236,-0.07766130317580178,0.08490052819252014,-0.3336437940597534,-0.0895425279868789,0.010613709688186646,-0.16698092222213745,-0.046726730955953144,0.0003764033317565918,-0.26779282093048096,-0.07638565201889946,-0.0030968785285949707,-0.3219040632247925,-0.09406747419964745,-0.0077117979526519775,-0.37261638045310974,-0.10540860642325356,-0.01912212371826172,-0.14319676160812378,-0.05543260027300789,0.006758362054824829,-0.2059304118156433,-0.0981387843621917,0.041162848472595215,-0.16320937871932983,-0.11102781940829232,0.05579644441604614,-0.12401998043060303,-0.11227609713208153,-0.043179333209991455,-0.10861074924468994,-0.06565682340990975,-0.01322433352470398,-0.14576804637908936,-0.10558452953230812,0.014216184616088867,-0.11724841594696045,-0.1158300315273948,0.026174962520599365,-0.08771133422851562,-0.11793504406344368,PEACE
0.0,0.0,0.0,0.04326179623603821,-0.024468719959259033,-0.024354442531631548,0.06632658839225769,-0.06195640563964844,-0.04358429046945389,0.0726461410522461,-0.09646785259246826,-0.06368235828952606,0.060428231954574585,-0.1337088942527771,-0.08401523860769089,0.042632609605789185,-0.17167770862579346,-0.03185591804461296,0.06710940599441528,-0.24532896280288696,-0.050717569465206225,0.08047950267791748,-0.2926556169986725,-0.06281625809745606,0.08668440580368042,-0.33500975370407104,-0.07263131769971665,0.011399447917938232,-0.16971391439437866,-0.03841450023131188,0.001869499683380127,-0.27046024799346924,-0.06523556592540558,-0.00018218159675598145,-0.3251962661743164,-0.08074430706577118,-0.004367917776107788,-0.3732157349586487,-0.0902715507395726,-0.017876356840133667,-0.14710992574691772,-0.04699249895887192,0.007784038782119751,-0.21018502116203308,-0.08663498940543946,0.04229709506034851,-0.16746068000793457,-0.09729235949592407,0.05818355083465576,-0.12833935022354126,-0.09691755058841522,-0.042040079832077026,-0.11247575283050537,-0.05651975008325394,-0.01026076078414917,-0.14971452951431274,-0.09404308679179962,0.015811532735824585,-0.11980187892913818,-0.10200011315421875,0.027624517679214478,-0.08977532386779785,-0.10205089631156739,PEACE
0.0,0.0,0.0,0.045757412910461426,-0.022406280040740967,-0.026202932517406907,0.0681220293045044,-0.057543158531188965,-0.04807426645922419,0.0761764645576477,-0.09079915285110474,-0.07073956220912692,0.062398046255111694,-0.1291911005973816,-0.09446621179151293,0.04628080129623413,-0.1712680459022522,-0.03766660630273577,0.06919243931770325,-0.24626711010932922,-0.057547109718797174,0.08106562495231628,-0.29281240701675415,-0.07089591264295336,0.08635559678077698,-0.33641648292541504,-0.08226050674485919,0.015381455421447754,-0.16871041059494019,-0.044891125108478036,0.0056650638580322266,-0.2701186239719391,-0.0729024657564139,0.0018196403980255127,-0.3238864243030548,-0.09021600573825594,-0.0022220611572265625,-0.3737916350364685,-0.10180399059819933,-0.014486551284790039,-0.14472496509552002,-0.05385908722448107,0.010106265544891357,-0.2064141035079956,-0.09448316186237093,0.042589545249938965,-0.16225016117095947,-0.10722927242088076,0.058588117361068726,-0.12337017059326172,-0.10917578130531069,-0.04000985622406006,-0.10851681232452393,-0.0637953901247954,-0.010861873626708984,-0.14439994096755981,-0.10247432678508517,0.013714343309402466,-0.1123780608177185,-0.11168235778379199,0.025491297245025635,-0.0802767276763916,-0.11339762299823519,PEACE
0.0,0.0,0.0,0.04085013270378113,-0.025392770767211914,-0.03892685010805508,0.059963613748550415,-0.06241476535797119,-0.0649994677282848,0.06280621886253357,-0.09404373168945312,-0.09007988035455128,0.04904714226722717,-0.13053131103515625,-0.11454872697368046,0.028595149517059326,-0.18503066897392273,-0.04476877584829708,0.04244163632392883,-0.26018768548965454,-0.06938055813088795,0.047556400299072266,-0.31170225143432617,-0.08614727765097996,0.04916241765022278,-0.3557361364364624,-0.09915183394923588,-0.005356907844543457,-0.1785762906074524,-0.04694615587368389,-0.02740001678466797,-0.2715277671813965,-0.07889092623963734,-0.03875473141670227,-0.3276650309562683,-0.09914867490306278,-0.04657834768295288,-0.3789082169532776,-0.11181814133897205,-0.03524407744407654,-0.14907234907150269,-0.052502817509321176,-0.018977344036102295,-0.20388725399971008,-0.09795437663569828,0.01636606454849243,-0.16546845436096191,-0.1142262658454456,0.037626296281814575,-0.1292121410369873,-0.11696877985968968,-0.05827450752258301,-0.10813397169113159,-0.060327596066144906,-0.0378110408782959,-0.13235700130462646,-0.10258837699666401,-0.009410440921783447,-0.11183851957321167,-0.11684717148318668,0.008913606405258179,-0.0923999547958374,-0.1213206118322887,PEACE
0.0,0.0,0.0,0.04150635004043579,-0.029412925243377686,-0.0300346366352926,0.06103205680847168,-0.06544959545135498,-0.050228345695842336,0.0641641914844513,-0.097378671169281,-0.07034112096201284,0.04822880029678345,-0.1274760365486145,-0.09006925255428655,0.02914440631866455,-0.18634971976280212,-0.03623045191537244,0.04342097043991089,-0.2647642493247986,-0.0584439630843292,0.04950958490371704,-0.3141917586326599,-0.0739938649572025,0.05174064636230469,-0.35825395584106445,-0.08592640936743123,-0.004405498504638672,-0.1810855269432068,-0.040964152220595906,-0.024251937866210938,-0.2749900221824646,-0.07047241509329183,-0.034816086292266846,-0.3320428133010864,-0.08953535884987218,-0.042664140462875366,-0.38164031505584717,-0.10135344744097097,-0.034575462341308594,-0.15113526582717896,-0.04812334806095464,-0.020634114742279053,-0.20777708292007446,-0.0901907119191776,0.013876765966415405,-0.17333781719207764,-0.10419082969795568,0.036751627922058105,-0.1391708254814148,-0.10542090565334661,-0.058004558086395264,-0.10723352432250977,-0.05681602239977224,-0.03820759057998657,-0.13540923595428467,-0.09542219668995244,-0.008630484342575073,-0.11694198846817017,-0.10632013857733114,0.01199832558631897,-0.0980687141418457,-0.108204800192226,PEACE
0.0,0.0,0.0,0.051120609045028687,-0.020860671997070312,-0.027019658107803934,0.08309882879257202,-0.05197650194168091,-0.04865601936404573,0.0973387062549591,-0.07979267835617065,-0.06949156055276262,0.08548685908317566,-0.1083226203918457,-0.09153206178967821,0.0756496787071228,-0.16298407316207886,-0.04547289291446077,0.09556716680526733,-0.237260639667511,-0.06912171373193132,0.10667812824249268,-0.28382420539855957,-0.08629811832730638,0.11360383033752441,-0.32946231961250305,-0.09979135820691454,0.04442664980888367,-0.16134583950042725,-0.0525013087136017,0.03425303101539612,-0.26301878690719604,-0.08313644209925997,0.032365769147872925,-0.3240876793861389,-0.10232528576676714,0.032256484031677246,-0.37145352363586426,-0.11590395400349962,0.010280072689056396,-0.14217990636825562,-0.0613986467761265,0.030682742595672607,-0.1937321424484253,-0.10096966007773744,0.06668511033058167,-0.16735732555389404,-0.11883144358222353,0.09082832932472229,-0.13576382398605347,-0.12626726457898485,-0.0180777907371521,-0.11192208528518677,-0.07148734012668001,0.010323792695999146,-0.14839935302734375,-0.10713205019061434,0.04123416543006897,-0.12772995233535767,-0.11861986944501268,0.06471505761146545,-0.10183435678482056,-0.12378688434188234,PEACE
0.0,0.0,0.0,0.05221882462501526,-0.018252134323120117,-0.015669093491794683,0.08865535259246826,-0.06296718120574951,-0.024440667616488554,0.10693812370300293,-0.10041046142578125,-0.033875779273273565,0.11052274703979492,-0.13417643308639526,-0.043188096048595526,0.08035692572593689,-0.1660131812095642,-0.018140775176050283,0.11065822839736938,-0.22910082340240479,-0.031952762069465734,0.12935000658035278,-0.2743902802467346,-0.04275959825730524,0.14259541034698486,-0.3172820210456848,-0.052682985576154806,0.04926985502243042,-0.17025715112686157,-0.027943619551422216,0.05796438455581665,-0.2675585150718689,-0.04877688831305704,0.06749296188354492,-0.3269181251525879,-0.06450391656375132,0.07492461800575256,-0.3721112012863159,-0.07590705996966562,0.018434494733810425,-0.15558147430419922,-0.03997190392232142,0.05859905481338501,-0.20380154252052307,-0.07686060762620173,0.09565156698226929,-0.17257535457611084,-0.09609174078917704,0.11807936429977417,-0.14351892471313477,-0.10382113701319895,-0.007092088460922241,-0.12392568588256836,-0.0520118484518548,0.040161073207855225,-0.1483309268951416,-0.08832190281367502,0.06696075201034546,-0.11162817478179932,-0.09990722036576472,0.0796671211719513,-0.07485181093215942,-0.10406798964953623,PEACE
0.0,0.0,0.0,0.056951045989990234,-0.021391749382019043,-0.01705037906863538,0.09121185541152954,-0.06046581268310547,-0.029342266843698894,0.10272252559661865,-0.09894514083862305,-0.04250467673041669,0.09944397211074829,-0.1347644329071045,-0.05639812082149831,0.0774029791355133,-0.17265552282333374,-0.025802224055908596,0.10370796918869019,-0.24077653884887695,-0.04062530130245534,0.12133806943893433,-0.28149178624153137,-0.051656403691552555,0.13419240713119507,-0.3227541744709015,-0.06157462775804845,0.04686856269836426,-0.17407268285751343,-0.03434496104814855,0.04696139693260193,-0.2736673951148987,-0.058812172264836704,0.05259972810745239,-0.32981687784194946,-0.07527256488897649,0.05859243869781494,-0.37467190623283386,-0.08679153502085057,0.014791876077651978,-0.1558111310005188,-0.04419821232654897,0.04485177993774414,-0.2001807689666748,-0.08095907896854726,0.08116313815116882,-0.1659795641899109,-0.09703511476614324,0.10417389869689941,-0.13157737255096436,-0.10234157472946492,-0.010960787534713745,-0.12393611669540405,-0.05422528565027562,0.026329100131988525,-0.15855646133422852,-0.08824390649893132,0.0574474036693573,-0.1315751075744629,-0.09811416000225393,0.0787922739982605,-0.09874331951141357,-0.10118640691139547,PEACE
0.0,0.0,0.0,0.049490928649902344,-0.02775949239730835,-0.019623456876928458,0.08207032084465027,-0.0695987343788147,-0.03526870569234575,0.09151631593704224,-0.10800260305404663,-0.05224431714063371,0.07692918181419373,-0.13820809125900269,-0.07009623980169977,0.05851590633392334,-0.17983323335647583,-0.029550036769563803,0.08207929134368896,-0.25312232971191406,-0.05070924421792711,0.09519606828689575,-0.29996997117996216,-0.0666123110616752,0.10314548015594482,-0.3452090322971344,-0.07935466652756418,0.026379495859146118,-0.17952865362167358,-0.039329998549277434,0.021132588386535645,-0.2806297540664673,-0.06900532579069818,0.020032525062561035,-0.33740830421447754,-0.08770183509236062,0.018264174461364746,-0.3840128779411316,-0.09954018926268304,-0.004509150981903076,-0.1588112711906433,-0.05087790301089967,0.022331029176712036,-0.2168412208557129,-0.09189820325022424,0.06151020526885986,-0.18221163749694824,-0.10713545268421854,0.08580905199050903,-0.1463356614112854,-0.11033973133211816,-0.028083622455596924,-0.12621945142745972,-0.06301140820627893,0.006122857332229614,-0.16271334886550903,-0.0997410792673179,0.03951507806777954,-0.13880038261413574,-0.10995399242287363,0.06301245093345642,-0.11302047967910767,-0.11250919884091104,PEACE
0.0,0.0,0.0,0.044406116008758545,-0.03201240301132202,-0.013335779114456159,0.07297980785369873,-0.07961171865463257,-0.02312645762303589,0.0800744891166687,-0.11810845136642456,-0.03498500286677597,0.07052198052406311,-0.15153640508651733,-0.04749718754628418,0.04542699456214905,-0.18385708332061768,-0.017958215243012887,0.06333500146865845,-0.2592698931694031,-0.03448592200020073,0.07398906350135803,-0.30433928966522217,-0.047616609177381974,0.08021971583366394,-0.34717315435409546,-0.058663581303150636,0.015141606330871582,-0.18241387605667114,-0.02865159585216759,0.006191164255142212,-0.284033864736557,-0.053874165556223375,0.0019369423389434814,-0.33920571208000183,-0.0708053193900895,-0.0034573376178741455,-0.38469254970550537,-0.08140352442005394,-0.012640327215194702,-0.15998083353042603,-0.04089788048604248,0.0118027925491333,-0.22492414712905884,-0.07889257445076225,0.05118367075920105,-0.1940041184425354,-0.09287316425779579,0.07532185316085815,-0.16194885969161987,-0.09520036800840614,-0.03361085057258606,-0.12443441152572632,-0.05314916445949791,0.0005256533622741699,-0.16582459211349487,-0.0892551101658654,0.031721413135528564,-0.14213508367538452,-0.09866239204147575,0.051688432693481445,-0.11638057231903076,-0.10023161097505806,PEACE
0.0,0.0,0.0,0.049044132232666016,-0.02303367853164673,-0.018490417789521985,0.07603567838668823,-0.06933039426803589,-0.028398782875243,0.0872938334941864,-0.10796070098876953,-0.037730953585210614,0.08121612668037415,-0.13861310482025146,-0.047268713753524594,0.06025734543800354,-0.17376935482025146,-0.026264701898995213,0.08354556560516357,-0.24287503957748413,-0.039203471433225445,0.09495088458061218,-0.28958237171173096,-0.04853794250995236,0.10051712393760681,-0.33548200130462646,-0.057582589726749234,0.030516207218170166,-0.17299407720565796,-0.033810364942851834,0.02266305685043335,-0.27264395356178284,-0.05523385752350407,0.01926267147064209,-0.33301645517349243,-0.07031316955000477,0.016675978899002075,-0.38209259510040283,-0.0812938575854929,-0.0004937350749969482,-0.15278667211532593,-0.0429758866539629,0.029607921838760376,-0.20651501417160034,-0.08018059928328114,0.06561854481697083,-0.17808669805526733,-0.09802883763224202,0.08728507161140442,-0.15128076076507568,-0.1043620099535616,-0.025712043046951294,-0.1157788634300232,-0.0521863875201376,0.014101594686508179,-0.1537570357322693,-0.0887452353945406,0.04382160305976868,-0.1217721700668335,-0.09944586355597096,0.05909073352813721,-0.08503115177154541,-0.10268393803745823,PEACE
0.0,0.0,0.0,0.049044132232666016,-0.02303367853164673,-0.018490417789521985,0.07603567838668823,-0.06933039426803589,-0.028398782875243,0.0872938334941864,-0.10796070098876953,-0.037730953585210614,0.08121612668037415,-0.13861310482025146,-0.047268713753524594,0.06025734543800354,-0.17376935482025146,-0.026264701898995213,0.08354556560516357,-0.24287503957748413,-0.039203471433225445,0.09495088458061218,-0.28958237171173096,-0.04853794250995236,0.10051712393760681,-0.33548200130462646,-0.057582589726749234,0.030516207218170166,-0.17299407720565796,-0.033810364942851834,0.02266305685043335,-0.27264395356178284,-0.05523385752350407,0.01926267147064209,-0.33301645517349243,-0.07031316955000477,0.016675978899002075,-0.38209259510040283,-0.0812938575854929,-0.0004937350749969482,-0.15278667211532593,-0.0429758866539629,0.029607921838760376,-0.20651501417160034,-0.08018059928328114,0.06561854481697083,-0.17808669805526733,-0.09802883763224202,0.08728507161140442,-0.15128076076507568,-0.1043620099535616,-0.025712043046951294,-0.1157788634300232,-0.0521863875201376,0.014101594686508179,-0.1537570357322693,-0.0887452353945406,0.04382160305976868,-0.1217721700668335,-0.09944586355597096,0.05909073352813721,-0.08503115177154541,-0.10268393803745823,PEACE
0.0,0.0,0.0,0.04639074206352234,-0.024183988571166992,-0.020897935018126645,0.07061800360679626,-0.06665599346160889,-0.03544657944161145,0.08009946346282959,-0.1020975112915039,-0.05019398300368039,0.08179810643196106,-0.1377893090248108,-0.06498079641181675,0.052584439516067505,-0.17191219329833984,-0.030864667952243963,0.07698827981948853,-0.24673029780387878,-0.04767182363588063,0.08976510167121887,-0.29268109798431396,-0.05926328791696278,0.09619888663291931,-0.33794230222702026,-0.06934550298768727,0.02216312289237976,-0.17254430055618286,-0.03804075984675137,0.017582803964614868,-0.272586464881897,-0.06333351029473988,0.016140490770339966,-0.3308050036430359,-0.07944240315276829,0.013539880514144897,-0.38077038526535034,-0.09053200377542225,-0.008114248514175415,-0.1518610715866089,-0.04679765819031445,0.024677395820617676,-0.2072145938873291,-0.08561137957889287,0.060548335313797,-0.17495185136795044,-0.09988809271175114,0.0794394314289093,-0.14563632011413574,-0.10338253422099797,-0.03291556239128113,-0.11623424291610718,-0.055992036000077405,0.005955249071121216,-0.14939332008361816,-0.09381356729585377,0.0349239706993103,-0.11943423748016357,-0.10325521869975773,0.05002710223197937,-0.08801031112670898,-0.10509469254333226,PEACE
0.0,0.0,0.0,-0.0407407283782959,-0.05575436353683472,-0.020971853000958163,-0.061547040939331055,-0.12866616249084473,-0.03212758311434527,-0.050662994384765625,-0.1909606158733368,-0.04390494683190127,-0.02175319194793701,-0.22362828254699707,-0.04922012397452136,-0.030280113220214844,-0.18389353156089783,-0.001288562495176393,-0.03586775064468384,-0.2307146191596985,-0.029304617730815608,-0.04656016826629639,-0.177191823720932,-0.03957120486899157,-0.03961503505706787,-0.1627069115638733,-0.04316743621035357,0.0009342432022094727,-0.1738429069519043,-0.0015482746007933201,-0.007646381855010986,-0.21505481004714966,-0.03341245436473628,-0.021407485008239746,-0.14948022365570068,-0.03388108843370219,-0.011208593845367432,-0.14416605234146118,-0.026510303554971415,0.032154381275177,-0.15815752744674683,-0.008123965648849207,0.02261573076248169,-0.19570085406303406,-0.039833215711553294,0.003397524356842041,-0.13263511657714844,-0.02712706261678477,0.011236429214477539,-0.12502449750900269,-0.010587725503285128,0.06220740079879761,-0.1375434398651123,-0.017097037000496584,0.04730123281478882,-0.1606951355934143,-0.03130848490997096,0.03135114908218384,-0.12248337268829346,-0.022141180647452074,0.03850430250167847,-0.11545723676681519,-0.011429093493063647,FIST
0.0,0.0,0.0,-0.04358935356140137,-0.05623704195022583,-0.019753973686164272,-0.06388425827026367,-0.12543487548828125,-0.03003917982525195,-0.051573991775512695,-0.18727877736091614,-0.041166482248371494,-0.025488078594207764,-0.22464260458946228,-0.04617496369129981,-0.03164851665496826,-0.18140536546707153,0.002031752851763713,-0.03904283046722412,-0.22767972946166992,-0.02521020894593562,-0.047528088092803955,-0.17833104729652405,-0.0355948225939926,-0.041428983211517334,-0.16270291805267334,-0.038904810079401386,-0.00012058019638061523,-0.1725102663040161,0.0015534260431024904,-0.010372936725616455,-0.21134838461875916,-0.028926249348586452,-0.021536648273468018,-0.14727264642715454,-0.030513543390696896,-0.0112534761428833,-0.14169180393218994,-0.024077361204689396,0.03073972463607788,-0.15806430578231812,-0.005157433205312145,0.02018219232559204,-0.19557374715805054,-0.036620134242838276,0.0030478239059448242,-0.13320696353912354,-0.025518670433228863,0.010600149631500244,-0.12442708015441895,-0.009941193961566341,0.060351014137268066,-0.13830041885375977,-0.014033681468134773,0.04500865936279297,-0.16150575876235962,-0.029130970814293278,0.030106782913208008,-0.12289535999298096,-0.02090943393952216,0.03681039810180664,-0.11467975378036499,-0.01043433392143811,FIST
0.0,0.0,0.0,-0.04489314556121826,-0.05470770597457886,-0.019151452706864802,-0.06529062986373901,-0.12473922967910767,-0.029011798800638644,-0.05076533555984497,-0.18788737058639526,-0.039886446447781054,-0.023842036724090576,-0.22588875889778137,-0.04496894568364951,-0.03360164165496826,-0.17966559529304504,0.004423558002599748,-0.04084104299545288,-0.22803282737731934,-0.02330526687364909,-0.04842376708984375,-0.18132248520851135,-0.03463736713092658,-0.04316514730453491,-0.16428983211517334,-0.038302970828226535,-0.0016932487487792969,-0.17220228910446167,0.00361631111081806,-0.010840117931365967,-0.21279460191726685,-0.02679523803453776,-0.020857274532318115,-0.14786511659622192,-0.028898292930534808,-0.01129138469696045,-0.13999372720718384,-0.022424721868446795,0.0292818546295166,-0.15910524129867554,-0.0036423939855012577,0.018400192260742188,-0.19567394256591797,-0.035587223024776904,0.0026227831840515137,-0.13322579860687256,-0.02552946262221667,0.010170817375183105,-0.1237524151802063,-0.01023051493029925,0.05954098701477051,-0.14045828580856323,-0.012973082961252658,0.04303479194641113,-0.16392678022384644,-0.02871247172515723,0.0295335054397583,-0.12439757585525513,-0.021176088379434077,0.03672760725021362,-0.11567050218582153,-0.0109656646491203,FIST
0.0,0.0,0.0,-0.04355573654174805,-0.05288517475128174,-0.02097673522007426,-0.06529891490936279,-0.12432962656021118,-0.03144513437223395,-0.052225708961486816,-0.1887369155883789,-0.04236168780994376,-0.02356475591659546,-0.22580409049987793,-0.04694946476888617,-0.03396916389465332,-0.181779146194458,0.002779371164024269,-0.03939872980117798,-0.2290768027305603,-0.025482760683416927,-0.04660677909851074,-0.17849501967430115,-0.03769549721550902,-0.04058074951171875,-0.16200512647628784,-0.042275037557601536,-0.0027816295623779297,-0.17364490032196045,0.003013540351048505,-0.011157095432281494,-0.21461254358291626,-0.02811790251803359,-0.020390212535858154,-0.14891308546066284,-0.030698079556941593,-0.010485291481018066,-0.1414775848388672,-0.024627715290307606,0.027624964714050293,-0.16014611721038818,-0.0033249668188091164,0.018328428268432617,-0.1983795464038849,-0.035096868813752735,0.003410816192626953,-0.13556909561157227,-0.024828838125586117,0.01133275032043457,-0.12664324045181274,-0.009602450706779564,0.05797231197357178,-0.1415005922317505,-0.011955941037058437,0.042209744453430176,-0.1649060845375061,-0.027573287428140247,0.029698550701141357,-0.1256653070449829,-0.02031084889244994,0.037903428077697754,-0.11824601888656616,-0.010419812925874794,FIST
0.0,0.0,0.0,-0.03393584489822388,-0.058405160903930664,-0.01269990414800759,-0.051465630531311035,-0.12517547607421875,-0.021486344974960048,-0.03900611400604248,-0.18442654609680176,-0.032920467894996364,-0.013211071491241455,-0.22002312541007996,-0.04076346312137957,-0.032891035079956055,-0.17780649662017822,0.007433166499708932,-0.03602677583694458,-0.2276919186115265,-0.018930522021378238,-0.04460477828979492,-0.19113969802856445,-0.032306670438970286,-0.040359318256378174,-0.16820037364959717,-0.03745265607210513,-0.0021814703941345215,-0.17160183191299438,0.0026884200102585964,-0.0004698634147644043,-0.22925856709480286,-0.024807295989717204,-0.01458960771560669,-0.17721432447433472,-0.028777123656595904,-0.01094818115234375,-0.15459835529327393,-0.023903870251501758,0.029431164264678955,-0.1554393768310547,-0.007353390329058129,0.02762550115585327,-0.19847214221954346,-0.03643510420295115,0.008449673652648926,-0.14427399635314941,-0.027857669856871325,0.00982975959777832,-0.1240893006324768,-0.013879743632401187,0.059771060943603516,-0.13126426935195923,-0.01873762835236903,0.05171078443527222,-0.16658926010131836,-0.032171867084230144,0.0360027551651001,-0.13111305236816406,-0.022497835796798427,0.03839540481567383,-0.11411654949188232,-0.01132490601810332,FIST
0.0,0.0,0.0,-0.030528008937835693,-0.056687355041503906,-0.013672617386021102,-0.04567110538482666,-0.12106978893280029,-0.023467997210957492,-0.03493368625640869,-0.17769786715507507,-0.035655958699919665,-0.010915040969848633,-0.2147875726222992,-0.04526775156233498,-0.023760974407196045,-0.17958113551139832,0.006288888742290055,-0.0252685546875,-0.22675496339797974,-0.019010217982270206,-0.033297598361968994,-0.2088514268398285,-0.033825343596674884,-0.03273516893386841,-0.18919646739959717,-0.040208915370442355,0.004934847354888916,-0.17299818992614746,0.002040660119689619,0.012207388877868652,-0.22604766488075256,-0.02419780952010342,-0.003837883472442627,-0.18166092038154602,-0.03077366401527115,-0.004899263381958008,-0.15566128492355347,-0.027994422363974536,0.033807575702667236,-0.15587234497070312,-0.0071198140558976775,0.03472501039505005,-0.18985435366630554,-0.03547284578058907,0.013744235038757324,-0.14238202571868896,-0.02992709738288113,0.010710179805755615,-0.12144052982330322,-0.018096216144897426,0.06035292148590088,-0.1307317614555359,-0.017565142485238994,0.055093228816986084,-0.15921372175216675,-0.030471876385547603,0.037731945514678955,-0.12579935789108276,-0.02140208159659096,0.036216676235198975,-0.10808145999908447,-0.01079109509561249,FIST
0.0,0.0,0.0,-0.030528008937835693,-0.056687355041503906,-0.013672617386021102,-0.04567110538482666,-0.12106978893280029,-0.023467997210957492,-0.03493368625640869,-0.17769786715507507,-0.035655958699919665,-0.010915040969848633,-0.2147875726222992,-0.04526775156233498,-0.023760974407196045,-0.17958113551139832,0.006288888742290055,-0.0252685546875,-0.22675496339797974,-0.019010217982270206,-0.033297598361968994,-0.2088514268398285,-0.033825343596674884,-0.03273516893386841,-0.18919646739959717,-0.040208915370442355,0.004934847354888916,-0.17299818992614746,0.002040660119689619,0.012207388877868652,-0.22604766488075256,-0.02419780952010342,-0.003837883472442627,-0.18166092038154602,-0.03077366401527115,-0.004899263381958008,-0.15566128492355347,-0.027994422363974536,0.033807575702667236,-0.15587234497070312,-0.0071198140558976775,0.03472501039505005,-0.18985435366630554,-0.03547284578058907,0.013744235038757324,-0.14238202571868896,-0.02992709738288113,0.010710179805755615,-0.12144052982330322,-0.018096216144897426,0.06035292148590088,-0.1307317614555359,-0.017565142485238994,0.055093228816986084,-0.15921372175216675,-0.030471876385547603,0.037731945514678955,-0.12579935789108276,-0.02140208159659096,0.036216676235198975,-0.10808145999908447,-0.01079109509561249,FIST
0.0,0.0,0.0,-0.027242600917816162,-0.05287480354309082,-0.01790229075965044,-0.03075319528579712,-0.12753617763519287,-0.026402108682361813,-0.011302709579467773,-0.18440109491348267,-0.03648485088166353,0.016868889331817627,-0.211134672164917,-0.043083669928876134,-0.0015159249305725098,-0.17354881763458252,0.009914202304514674,-0.0006884932518005371,-0.22259318828582764,-0.013899553878275128,-0.014779150485992432,-0.2080661654472351,-0.025096729708877774,-0.016870081424713135,-0.19127708673477173,-0.028260207114783498,0.024494469165802002,-0.16348379850387573,0.009205131480428008,0.0325661301612854,-0.2163880467414856,-0.01785440774079916,0.0068822503089904785,-0.17376106977462769,-0.021563101870981427,0.005044758319854736,-0.1481521725654602,-0.01454663028385994,0.05062979459762573,-0.14474332332611084,0.002600837187799243,0.04954749345779419,-0.18255862593650818,-0.026387159092394086,0.02256035804748535,-0.13846921920776367,-0.020751308960882398,0.022565007209777832,-0.11574089527130127,-0.007429131152150603,0.07494652271270752,-0.11974245309829712,-0.005667982934085103,0.06804221868515015,-0.1512940526008606,-0.02060593509492037,0.04714769124984741,-0.12054818868637085,-0.014118664277759763,0.047651469707489014,-0.09994333982467651,-0.004060943922070237,FIST
0.0,0.0,0.0,-0.027156531810760498,-0.05852973461151123,-0.009564315042780436,-0.03150969743728638,-0.12503331899642944,-0.013640726059065855,-0.021908044815063477,-0.1754482388496399,-0.020872784852372206,-0.004354953765869141,-0.21067070960998535,-0.02549068823395828,-0.0031669139862060547,-0.1709652543067932,0.016711210758103334,0.005930960178375244,-0.21651214361190796,-0.005493470541523493,-0.015382051467895508,-0.1985602080821991,-0.01875064343153099,-0.02405107021331787,-0.17365950345993042,-0.02353184863864044,0.021885931491851807,-0.16461384296417236,0.011683102623237573,0.040309011936187744,-0.21970176696777344,-0.013148927203701533,0.010652542114257812,-0.19097131490707397,-0.019999163299189604,0.0024663805961608887,-0.16311663389205933,-0.015657255499945677,0.04488861560821533,-0.1467549204826355,0.0016629341250791185,0.048802077770233154,-0.1903153359889984,-0.02241870768307308,0.02047145366668701,-0.15398383140563965,-0.018496042191372908,0.01837712526321411,-0.12881433963775635,-0.007450982070849932,0.0652456283569336,-0.11941373348236084,-0.009601652696119345,0.05761444568634033,-0.15271151065826416,-0.021500144227729834,0.03813654184341431,-0.1274176836013794,-0.01526868164478401,0.040505051612854004,-0.10651236772537231,-0.006007587145404614,FIST
0.0,0.0,0.0,-0.03206998109817505,-0.06820440292358398,-0.012014758485605626,-0.04173624515533447,-0.13837742805480957,-0.019510696354558377,-0.026219666004180908,-0.19005459547042847,-0.030317746746590046,-0.0029366612434387207,-0.2134127914905548,-0.038113153252055554,-0.015809714794158936,-0.1984613537788391,0.015033704516241642,-0.01739269495010376,-0.23745396733283997,-0.00933136948501101,-0.032410264015197754,-0.21138861775398254,-0.025900791111638455,-0.036228835582733154,-0.1917899250984192,-0.03402117517893544,0.014702677726745605,-0.19579359889030457,0.010155840133080574,0.014744460582733154,-0.23889952898025513,-0.015673837336947827,-0.006845057010650635,-0.2000439167022705,-0.024338050457885174,-0.010497510433197021,-0.17703652381896973,-0.02301555750077,0.043998897075653076,-0.1810970902442932,-6.0600654109066454e-05,0.03575146198272705,-0.20987048745155334,-0.023815999451329617,0.015380620956420898,-0.16620463132858276,-0.020113137263109593,0.01599961519241333,-0.1437004804611206,-0.010993559557249455,0.07058465480804443,-0.15778279304504395,-0.012312085080196766,0.05298227071762085,-0.17574334144592285,-0.022189349579861073,0.03836822509765625,-0.14607542753219604,-0.01626090397243729,0.04357665777206421,-0.12974601984024048,-0.008616156588544754,FIST
0.0,0.0,0.0,-0.040102243423461914,-0.05353498458862305,-0.020698061890982444,-0.06173980236053467,-0.1242445707321167,-0.03293188356616383,-0.054407358169555664,-0.18815094232559204,-0.045612537048839386,-0.02729630470275879,-0.2227402925491333,-0.05217818983652478,-0.041437387466430664,-0.1830121874809265,-0.004072615157895143,-0.050747692584991455,-0.22652482986450195,-0.031393092803739364,-0.054367125034332275,-0.17683321237564087,-0.04041078009464627,-0.04644495248794556,-0.16012102365493774,-0.04289551892139798,-0.008893966674804688,-0.17955398559570312,-0.004928748801432903,-0.0155029296875,-0.22385025024414062,-0.03538032316424733,-0.02278047800064087,-0.15604525804519653,-0.03498902239658719,-0.013385474681854248,-0.14661461114883423,-0.02703216367223149,0.024548768997192383,-0.16707754135131836,-0.011604048989795501,0.016564011573791504,-0.20269444584846497,-0.043327283792280014,0.0031753182411193848,-0.13806456327438354,-0.031055609442375953,0.010093927383422852,-0.1292542815208435,-0.014666264623485858,0.05544012784957886,-0.1478421688079834,-0.020302663303993995,0.04433166980743408,-0.1735895276069641,-0.03504135154940968,0.03203374147415161,-0.13243025541305542,-0.02514712394037133,0.037463486194610596,-0.12161463499069214,-0.013746318154119308,FIST
0.0,0.0,0.0,-0.025393545627593994,-0.05942147970199585,-0.002180065578556878,-0.030856549739837646,-0.12772881984710693,-0.003705600128284914,-0.02904057502746582,-0.1767677366733551,-0.010219253684169871,-0.02373594045639038,-0.21253252029418945,-0.015406251969523055,0.002149522304534912,-0.16782552003860474,0.016698199239783662,0.011596620082855225,-0.22593465447425842,-0.0019566347736486023,-0.01314687728881836,-0.23573487997055054,-0.01463376925397597,-0.031455397605895996,-0.2241426706314087,-0.019731749865002257,0.02226942777633667,-0.1608695387840271,0.008215533484928983,0.031209111213684082,-0.22980567812919617,-0.011300155977494342,-0.002978026866912842,-0.22365742921829224,-0.018365955996102912,-0.020313501358032227,-0.20070341229438782,-0.01693541471917115,0.043251752853393555,-0.1452910304069519,-0.004224794070012194,0.04381287097930908,-0.20739245414733887,-0.020991529422587973,0.01161569356918335,-0.1959945559501648,-0.019252221184558493,-0.001874089241027832,-0.1724216341972351,-0.012372509660906417,0.06620854139328003,-0.12042957544326782,-0.0178946546192833,0.07047510147094727,-0.16646838188171387,-0.02506934394199334,0.049043238162994385,-0.1668764352798462,-0.02023816210288487,0.0383571982383728,-0.1540101170539856,-0.013816329735107047,FIST
0.0,0.0,0.0,-0.029162228107452393,-0.05201911926269531,-0.015180262213107198,-0.04076296091079712,-0.12725770473480225,-0.022311100212391466,-0.02514439821243286,-0.18816646933555603,-0.031144314853008837,0.005462348461151123,-0.21283969283103943,-0.035993050260003656,-0.018692493438720703,-0.17236396670341492,0.00805071514332667,-0.015091240406036377,-0.2239958941936493,-0.016827163693960756,-0.026247084140777588,-0.19166961312294006,-0.027936046419199556,-0.022578835487365723,-0.1695702075958252,-0.03127751819556579,0.009421467781066895,-0.16152000427246094,0.005394134728703648,0.02354872226715088,-0.22050684690475464,-0.023295422492083162,0.0029117465019226074,-0.1671479344367981,-0.02646525524323806,0.002677440643310547,-0.14002341032028198,-0.018930343387182802,0.038593292236328125,-0.1416025161743164,-0.0027578689041547477,0.04580730199813843,-0.1830483078956604,-0.0332434507436119,0.0224839448928833,-0.13134640455245972,-0.02475099585717544,0.02156960964202881,-0.11049622297286987,-0.008897957799490541,0.06667304039001465,-0.1144837737083435,-0.012254012224730104,0.06845241785049438,-0.15157556533813477,-0.026622818259056658,0.04904884099960327,-0.11755305528640747,-0.01705223455792293,0.04750871658325195,-0.09931313991546631,-0.0048220245516858995,FIST
0.0,0.0,0.0,-0.03316628932952881,-0.04625523090362549,-0.021313622315005887,-0.04025989770889282,-0.13613742589950562,-0.02705026576347791,-0.012247562408447266,-0.20002689957618713,-0.03194528231449567,0.02250802516937256,-0.21456873416900635,-0.03168297717400037,-0.011359572410583496,-0.17300063371658325,-0.0007821796001508119,-0.00311887264251709,-0.22394198179244995,-0.022783368547038663,-0.019188344478607178,-0.17528477311134338,-0.029665317107514966,-0.01924806833267212,-0.15243369340896606,-0.03108972469397031,0.018083035945892334,-0.15815871953964233,0.0020498915570215104,0.03281748294830322,-0.20605534315109253,-0.023533660639600384,0.008925020694732666,-0.144905686378479,-0.0235900578094288,0.005869448184967041,-0.12985998392105103,-0.01608105907268964,0.04573178291320801,-0.13748019933700562,-0.0006100139702311935,0.056426823139190674,-0.175400972366333,-0.030950622354225743,0.02918064594268799,-0.11867403984069824,-0.023239725921825993,0.02528250217437744,-0.10523247718811035,-0.009245414939300645,0.07005387544631958,-0.11193609237670898,-0.004644605983571637,0.07555806636810303,-0.14431440830230713,-0.022250726540164578,0.05312913656234741,-0.10745513439178467,-0.016300415341333974,0.04746425151824951,-0.09289300441741943,-0.00706155477143966,FIST
0.0,0.0,0.0,-0.02753889560699463,-0.052114009857177734,-0.018212045822025402,-0.036163270473480225,-0.1295856237411499,-0.02720715226578818,-0.011789262294769287,-0.18951278924942017,-0.03722031908083068,0.0241696834564209,-0.2095799446105957,-0.042991728801013096,-0.01198488473892212,-0.1753166913986206,0.005338120460777418,-0.009633839130401611,-0.22970622777938843,-0.022345495689393147,-0.022826790809631348,-0.1894383430480957,-0.03493818016696082,-0.02092951536178589,-0.16035538911819458,-0.038471543509245976,0.015379488468170166,-0.1628873348236084,0.0045103409330238264,0.02703005075454712,-0.22277793288230896,-0.02555147679495917,0.0054468512535095215,-0.16876965761184692,-0.029218546393991573,0.003336191177368164,-0.14040923118591309,-0.021755568030954464,0.0431218147277832,-0.1416894793510437,-0.002196278702200516,0.04878544807434082,-0.18651729822158813,-0.03395225973773108,0.02301657199859619,-0.1339966058731079,-0.02646175520467864,0.020668089389801025,-0.11054748296737671,-0.010994847211719616,0.06971859931945801,-0.11318033933639526,-0.010478041413904293,0.06643795967102051,-0.15167444944381714,-0.02753344858038531,0.04537731409072876,-0.11730319261550903,-0.020631823036552532,0.04371136426925659,-0.0973467230796814,-0.009675324242294892,FIST
0.0,0.0,0.0,-0.02858912944793701,-0.06437599658966064,-0.005737526291881068,-0.03539365530014038,-0.13259202241897583,-0.008711209470305903,-0.02863180637359619,-0.18366944789886475,-0.01626349049237774,-0.020630717277526855,-0.21969932317733765,-0.022350817868385775,-0.008582532405853271,-0.1799865961074829,0.018385263210262792,0.0006478428840637207,-0.2299250364303589,-0.0019691106359402966,-0.02007538080215454,-0.23343273997306824,-0.016684338400040133,-0.03523433208465576,-0.2177143096923828,-0.02289544785944031,0.01763850450515747,-0.1756429672241211,0.011122760413314836,0.034388601779937744,-0.23303356766700745,-0.010790043460104926,0.005302011966705322,-0.22540724277496338,-0.020467378148708804,-0.01225423812866211,-0.20204803347587585,-0.019959820384059412,0.042089760303497314,-0.16035282611846924,-0.00048543071224571577,0.04570949077606201,-0.20321854948997498,-0.021120406636867983,0.017425060272216797,-0.17499709129333496,-0.020871104622159464,0.007907211780548096,-0.14344847202301025,-0.0137155530470352,0.06536412239074707,-0.134881854057312,-0.013352214308355315,0.06112474203109741,-0.16909658908843994,-0.023037947663937075,0.0407755970954895,-0.15106379985809326,-0.018262291276727183,0.03640180826187134,-0.12671935558319092,-0.011119243638489706,FIST
0.0,0.0,0.0,-0.028463006019592285,-0.057078540325164795,-0.0020684040004255166,-0.036900460720062256,-0.12070626020431519,-0.0031573606042059055,-0.034162819385528564,-0.1695963740348816,-0.008625984549695431,-0.02375870943069458,-0.2058265209197998,-0.013449727915400445,-0.009664475917816162,-0.15937483310699463,0.015239723600274147,-0.0060233473777771,-0.2168733775615692,-0.0018016564512493005,-0.02595043182373047,-0.22485917806625366,-0.012086536161774575,-0.03968745470046997,-0.2152765393257141,-0.015548487551683365,0.009507179260253906,-0.15446221828460693,0.007052767198359788,0.016431450843811035,-0.22063550353050232,-0.01352506259846109,-0.013605356216430664,-0.20788711309432983,-0.02053277509676832,-0.027173399925231934,-0.18358546495437622,-0.017659019105309426,0.02986985445022583,-0.1394796371459961,-0.004387880101972996,0.02616804838180542,-0.18952184915542603,-0.024291581832045495,-0.0016890764236450195,-0.1601722240447998,-0.02294205816852468,-0.006083548069000244,-0.13157671689987183,-0.014642950505191266,0.05087590217590332,-0.11497467756271362,-0.016337774120444237,0.043102264404296875,-0.1568375825881958,-0.027009285412901818,0.023257970809936523,-0.13760876655578613,-0.021910117365592896,0.021985173225402832,-0.11350005865097046,-0.01393888181465286,FIST
0.0,0.0,0.0,-0.02796834707260132,-0.060089290142059326,-0.008840746687013734,-0.03663414716720581,-0.12851017713546753,-0.01196511320139848,-0.024358689785003662,-0.18255096673965454,-0.018401605517823327,-0.004445374011993408,-0.20987343788146973,-0.02357738043482982,-0.00553661584854126,-0.16185665130615234,0.017294856278937232,0.002588331699371338,-0.21417459845542908,0.0007051179085522108,-0.010668396949768066,-0.22883886098861694,-0.011964074776727784,-0.023905575275421143,-0.22910761833190918,-0.017469159768182863,0.017376422882080078,-0.15591281652450562,0.012677544287186038,0.03408527374267578,-0.22358742356300354,-0.0026137265127488263,0.02125418186187744,-0.24158355593681335,-0.012438622744042505,0.014078140258789062,-0.24821621179580688,-0.015012629770893682,0.039469003677368164,-0.1378517746925354,0.003924398242276084,0.04193383455276489,-0.180842787027359,-0.015533348986167539,0.018465042114257812,-0.1525779366493225,-0.01661181959624969,0.008823812007904053,-0.12540686130523682,-0.010758848370272744,0.06025940179824829,-0.11086797714233398,-0.005968707123059858,0.056865036487579346,-0.1494463086128235,-0.016229316101629365,0.03869307041168213,-0.13033944368362427,-0.010820416243035424,0.03239208459854126,-0.10772091150283813,-0.0034475258767940886,FIST
0.0,0.0,0.0,-0.02796834707260132,-0.060089290142059326,-0.008840746687013734,-0.03663414716720581,-0.12851017713546753,-0.01196511320139848,-0.024358689785003662,-0.18255096673965454,-0.018401605517823327,-0.004445374011993408,-0.20987343788146973,-0.02357738043482982,-0.00553661584854126,-0.16185665130615234,0.017294856278937232,0.002588331699371338,-0.21417459845542908,0.0007051179085522108,-0.010668396949768066,-0.22883886098861694,-0.011964074776727784,-0.023905575275421143,-0.22910761833190918,-0.017469159768182863,0.017376422882080078,-0.15591281652450562,0.012677544287186038,0.03408527374267578,-0.22358742356300354,-0.0026137265127488263,0.02125418186187744,-0.24158355593681335,-0.012438622744042505,0.014078140258789062,-0.24821621179580688,-0.015012629770893682,0.039469003677368164,-0.1378517746925354,0.003924398242276084,0.04193383455276489,-0.180842787027359,-0.015533348986167539,0.018465042114257812,-0.1525779366493225,-0.01661181959624969,0.008823812007904053,-0.12540686130523682,-0.010758848370272744,0.06025940179824829,-0.11086797714233398,-0.005968707123059858,0.056865036487579346,-0.1494463086128235,-0.016229316101629365,0.03869307041168213,-0.13033944368362427,-0.010820416243035424,0.03239208459854126,-0.10772091150283813,-0.0034475258767940886,FIST
0.0,0.0,0.0,0.058138370513916016,-0.04467451572418213,-0.0016257872341221002,0.08494782447814941,-0.09323787689208984,-0.012083387817444446,0.10064440965652466,-0.13792145252227783,-0.027590370620789173,0.09693115949630737,-0.17695659399032593,-0.039196421276034954,0.022674977779388428,-0.19887864589691162,0.006707245134560225,0.05911451578140259,-0.22406485676765442,-0.01776470697969401,0.07561379671096802,-0.1801387071609497,-0.0348005600973984,0.06510460376739502,-0.16000771522521973,-0.04374675161689723,0.00302007794380188,-0.19725719094276428,-0.0068324169844409255,0.06039375066757202,-0.21983811259269714,-0.0295676504030844,0.07237952947616577,-0.16480743885040283,-0.039566119085254314,0.05277693271636963,-0.15279394388198853,-0.043431484024228695,-0.010922104120254517,-0.18609678745269775,-0.023256824235620144,0.05108046531677246,-0.19984358549118042,-0.04621848545521701,0.05943375825881958,-0.14539635181427002,-0.04041971720308268,0.036084532737731934,-0.13594239950180054,-0.03249678842276538,-0.02309185266494751,-0.1661003828048706,-0.04040709964484179,0.03877079486846924,-0.16735678911209106,-0.055005707661809566,0.043871939182281494,-0.12856537103652954,-0.045565218548478725,0.019373029470443726,-0.11790871620178223,-0.035677817533912304,FIST
0.0,0.0,0.0,0.047240495681762695,-0.05270230770111084,0.002554601098957221,0.07258230447769165,-0.1062929630279541,-0.00523496554830416,0.08945763111114502,-0.14734619855880737,-0.01761572617703422,0.0872921347618103,-0.18384414911270142,-0.02677329811864837,0.00984075665473938,-0.2014634609222412,0.005258535075547854,0.06333577632904053,-0.2160206437110901,-0.015602613758680661,0.06437528133392334,-0.17105025053024292,-0.03143589753323539,0.04572856426239014,-0.15751433372497559,-0.040963666472968896,-0.009165406227111816,-0.2016458511352539,-0.008116961416241963,0.059815824031829834,-0.2183394432067871,-0.02664759564810737,0.0616229772567749,-0.1612287163734436,-0.03391334596687301,0.04121208190917969,-0.14614790678024292,-0.03682448524647697,-0.019622772932052612,-0.19161778688430786,-0.022987576160964807,0.050072312355041504,-0.2030879557132721,-0.03983324203306182,0.05098015069961548,-0.14811325073242188,-0.032290017191705545,0.02917236089706421,-0.13676035404205322,-0.02472491558307155,-0.025860220193862915,-0.17109185457229614,-0.038192404393491586,0.036032795906066895,-0.17842024564743042,-0.04625455472284301,0.03801470994949341,-0.13827526569366455,-0.034878583584365686,0.017372190952301025,-0.1266176700592041,-0.02527512792163833,FIST
0.0,0.0,0.0,0.03970104455947876,-0.06579333543777466,-0.00772336882403124,0.054601073265075684,-0.1286488175392151,-0.01960300014218319,0.06186148524284363,-0.16982826590538025,-0.03317197331091393,0.04415896534919739,-0.19223356246948242,-0.042843165927138216,-0.028751015663146973,-0.19853475689888,-0.012303481929507143,0.024609118700027466,-0.22697517275810242,-0.033925569735970384,0.03418663144111633,-0.17332160472869873,-0.045474535905327684,0.019080370664596558,-0.16060340404510498,-0.0521200589170121,-0.04789590835571289,-0.1838712990283966,-0.020276849277820475,0.013998419046401978,-0.208457350730896,-0.04057398729821671,0.024354547262191772,-0.1516268253326416,-0.043523806266989595,0.0052187442779541016,-0.14306533336639404,-0.044330633365120775,-0.05885675549507141,-0.16238409280776978,-0.03020534210702408,0.003458172082901001,-0.18981516361236572,-0.048857289486136324,0.014301180839538574,-0.1367572546005249,-0.03872885846396912,-0.0033079683780670166,-0.12339842319488525,-0.029970874198284037,-0.06301003694534302,-0.13242405652999878,-0.04113140621086586,-0.011334925889968872,-0.1595698893070221,-0.05098245584269989,-0.0014630556106567383,-0.12384158372879028,-0.040765139394011385,-0.016974598169326782,-0.10660356283187866,-0.03228665807148445,FIST
0.0,0.0,0.0,0.0490705668926239,-0.05139505863189697,0.0007170885070024724,0.07270786166191101,-0.10765087604522705,-0.003738804502432913,0.08410575985908508,-0.15382224321365356,-0.012469663066809744,0.07456144690513611,-0.1821751892566681,-0.019101407161002726,0.018069177865982056,-0.181788831949234,0.007925901779884725,0.02677217125892639,-0.2355348765850067,-0.009318169919794173,0.06195339560508728,-0.2164393961429596,-0.021464757403379053,0.07941320538520813,-0.18626931309700012,-0.027122415384297938,0.0015489459037780762,-0.17767268419265747,-0.0028427958172017043,0.020932793617248535,-0.23012316226959229,-0.020723225330954165,0.05397877097129822,-0.2002764642238617,-0.029653006946688265,0.061494022607803345,-0.1687029004096985,-0.0329958030637556,-0.014369934797286987,-0.1660664677619934,-0.01603033930624065,0.012882620096206665,-0.20615896582603455,-0.03458751157486972,0.04289749264717102,-0.17394256591796875,-0.0375676246043497,0.04803517460823059,-0.1422969102859497,-0.03588233680093822,-0.03016301989555359,-0.14579319953918457,-0.02970443644190368,0.0031964480876922607,-0.16432982683181763,-0.04408678576911029,0.030841678380966187,-0.1423068642616272,-0.045241629486923784,0.03859749436378479,-0.11798328161239624,-0.04335356295669612,FIST
0.0,0.0,0.0,0.05226209759712219,-0.05784201622009277,-0.0012504634609911136,0.07509317994117737,-0.11519759893417358,-0.010983042691321998,0.08868041634559631,-0.15479272603988647,-0.024485006269486576,0.07719925045967102,-0.18429017066955566,-0.0338557877507526,0.002747446298599243,-0.2126086950302124,5.692191601269769e-05,0.062122732400894165,-0.22325637936592102,-0.022936624747188716,0.061232298612594604,-0.17217779159545898,-0.038018222239287525,0.0435006320476532,-0.16480809450149536,-0.04753401809600177,-0.013759702444076538,-0.20664823055267334,-0.012626400489779144,0.05781450867652893,-0.21473446488380432,-0.035549569216044574,0.05550512671470642,-0.15815716981887817,-0.042086988028557926,0.032444506883621216,-0.15269440412521362,-0.04431616076496425,-0.022214293479919434,-0.19085019826889038,-0.02743890070584598,0.04793599247932434,-0.1949569582939148,-0.04642914914754215,0.04664239287376404,-0.14197474718093872,-0.038412022676737934,0.02433672547340393,-0.13683420419692993,-0.03065559947160068,-0.024591386318206787,-0.16509294509887695,-0.043131902154954105,0.033913880586624146,-0.1665940284729004,-0.05153723367718044,0.03271797299385071,-0.1291368007659912,-0.041594519552262454,0.00996580719947815,-0.12134402990341187,-0.03361444854405704,FIST
0.0,0.0,0.0,0.046326011419296265,-0.05863082408905029,0.0010432783105593924,0.06566515564918518,-0.12110382318496704,-0.0045956286544728275,0.07165005803108215,-0.1704673171043396,-0.014990300120674371,0.056827813386917114,-0.1996915638446808,-0.02310054767306924,0.02237570285797119,-0.1806963086128235,0.0064427948613834385,0.03564929962158203,-0.23333421349525452,-0.012327308015786409,0.05915918946266174,-0.1951536238193512,-0.022195486532412767,0.06386223435401917,-0.16459566354751587,-0.025717504503093958,0.004435062408447266,-0.1739502251148224,-0.005996835132949352,0.03183794021606445,-0.22042548656463623,-0.025390301080309152,0.04649272561073303,-0.16623061895370483,-0.0306260121929276,0.03527116775512695,-0.14326626062393188,-0.030546186672412157,-0.015284806489944458,-0.16323834657669067,-0.020964477391802072,0.014418810606002808,-0.20232784748077393,-0.041907401936017274,0.027930080890655518,-0.15014725923538208,-0.03636135365244031,0.01732376217842102,-0.12566810846328735,-0.027616093115769624,-0.038188010454177856,-0.14646118879318237,-0.03610289301153302,-0.005856603384017944,-0.1764453649520874,-0.04976237397071004,0.011496812105178833,-0.1404949426651001,-0.04205091129418492,0.00573769211769104,-0.1158609390258789,-0.033276355074607133,FIST
0.0,0.0,0.0,0.037659019231796265,-0.06075477600097656,-0.0028030107601253462,0.0513746440410614,-0.12253957986831665,-0.012309918307018108,0.05651393532752991,-0.16291004419326782,-0.02457313438529951,0.03983652591705322,-0.18760812282562256,-0.033440441020083256,-0.02379852533340454,-0.19538509845733643,-0.0044636294583497715,0.02511221170425415,-0.2213928997516632,-0.027088057376694508,0.03335431218147278,-0.17041891813278198,-0.04066566390569193,0.017335891723632812,-0.15764355659484863,-0.04778683570797426,-0.04400902986526489,-0.18453282117843628,-0.014327935070049591,0.014212578535079956,-0.20655709505081177,-0.03336251167232973,0.02442583441734314,-0.15037226676940918,-0.03692023468787653,0.0050875842571258545,-0.1427670121192932,-0.037751466162752934,-0.056278765201568604,-0.1659630835056305,-0.02613580984647257,0.004067599773406982,-0.1894104778766632,-0.04423430947239382,0.014389783143997192,-0.13530778884887695,-0.034229248889040775,-0.004311859607696533,-0.12307429313659668,-0.025057159491133518,-0.06157383322715759,-0.1388428807258606,-0.038455233104777164,-0.007796794176101685,-0.16378065943717957,-0.047079961873841114,0.0007538497447967529,-0.12513446807861328,-0.03519310069854242,-0.017117440700531006,-0.1075332760810852,-0.025037668772291966,FIST
0.0,0.0,0.0,0.041204601526260376,-0.0643722414970398,-0.003012187806241684,0.057941734790802,-0.12397021055221558,-0.012737934504919224,0.06361931562423706,-0.1685250997543335,-0.025079647106402092,0.046922147274017334,-0.19129139184951782,-0.034226195914023094,-0.01914048194885254,-0.19725888967514038,-0.004964543068133764,0.026886701583862305,-0.22372928261756897,-0.022693995413654022,0.040240973234176636,-0.1805296242237091,-0.03420549820112484,0.028429627418518066,-0.1625741720199585,-0.04116149063157337,-0.03695094585418701,-0.18641069531440735,-0.01458476579683321,0.017986416816711426,-0.2085232436656952,-0.02902041192101734,0.030417591333389282,-0.16146516799926758,-0.03320212851213711,0.012916654348373413,-0.1478264331817627,-0.03641852925466793,-0.048765361309051514,-0.16827279329299927,-0.02579202319430607,0.006784886121749878,-0.19260871410369873,-0.03934494222449558,0.019013404846191406,-0.14715862274169922,-0.03158950994657772,0.0034792423248291016,-0.130734384059906,-0.02586080136644142,-0.05573287606239319,-0.14063704013824463,-0.0378107857232024,-0.006363272666931152,-0.16294366121292114,-0.04549899513768452,0.003451138734817505,-0.13003212213516235,-0.0363440122728278,-0.011316686868667603,-0.11200040578842163,-0.029293082681768112,FIST
0.0,0.0,0.0,-0.012533694505691528,-0.08097779750823975,0.006158207337946919,-0.003363490104675293,-0.1350400447845459,-0.0016603223936471068,0.024910688400268555,-0.15910863876342773,-0.012306933030842515,0.048999905586242676,-0.1624087691307068,-0.020444821305929395,0.006067752838134766,-0.19403541088104248,-0.012972538099049302,0.06764286756515503,-0.2024535834789276,-0.024744888507186147,0.07234424352645874,-0.16641783714294434,-0.027852143831907483,0.06094115972518921,-0.14173108339309692,-0.02820332322305319,0.034860193729400635,-0.18029147386550903,-0.021982114501653882,0.09237325191497803,-0.17890781164169312,-0.02642012920266268,0.09029942750930786,-0.14319705963134766,-0.022612763308345052,0.07572132349014282,-0.12490040063858032,-0.020979851223884793,0.0652729868888855,-0.15533149242401123,-0.030547961332260343,0.1099044680595398,-0.14341795444488525,-0.02991693440860388,0.10245263576507568,-0.11368817090988159,-0.021588286124526235,0.08676624298095703,-0.09966051578521729,-0.018491457887350293,0.0939018726348877,-0.12316781282424927,-0.03938086304849264,0.11763417720794678,-0.10471981763839722,-0.03506457779592154,0.10919898748397827,-0.08120173215866089,-0.028035029508529874,0.09790372848510742,-0.06956374645233154,-0.023881131522713872,FIST
0.0,0.0,0.0,-0.024987876415252686,-0.08318889141082764,0.012883872551640252,-0.014222949743270874,-0.1394553780555725,0.01274628081711171,0.016568034887313843,-0.16801288723945618,0.009757195425947884,0.043603330850601196,-0.16976025700569153,0.007443354291638116,0.0009443163871765137,-0.1992780864238739,-0.0017022960225290262,0.032374173402786255,-0.2174486219882965,0.0004080412339249051,0.03259396553039551,-0.1852802336215973,0.005598071323504428,0.027144432067871094,-0.15856677293777466,0.008853448381444196,0.037537842988967896,-0.18657928705215454,-0.009548483589867374,0.06152975559234619,-0.18786603212356567,0.00030004227420477037,0.053394436836242676,-0.15653663873672485,0.0075691647955977714,0.044443726539611816,-0.13361912965774536,0.009267314163764695,0.07011181116104126,-0.1574745774269104,-0.015019639568606635,0.0800885558128357,-0.15094488859176636,-0.005803731909225007,0.0686994194984436,-0.12139379978179932,0.0006583486113527215,0.057460665702819824,-0.09816253185272217,0.0009024367912502385,0.09680426120758057,-0.12405622005462646,-0.019581482919136306,0.0947343111038208,-0.11352860927581787,-0.00962601991949441,0.0836097002029419,-0.09058284759521484,-0.0013337664410641992,0.07417452335357666,-0.07319146394729614,0.003306826403161267,FIST
0.0,0.0,0.0,-0.024987876415252686,-0.08318889141082764,0.012883872551640252,-0.014222949743270874,-0.1394553780555725,0.01274628081711171,0.016568034887313843,-0.16801288723945618,0.009757195425947884,0.043603330850601196,-0.16976025700569153,0.007443354291638116,0.0009443163871765137,-0.1992780864238739,-0.0017022960225290262,0.032374173402786255,-0.2174486219882965,0.0004080412339249051,0.03259396553039551,-0.1852802336215973,0.005598071323504428,0.027144432067871094,-0.15856677293777466,0.008853448381444196,0.037537842988967896,-0.18657928705215454,-0.009548483589867374,0.06152975559234619,-0.18786603212356567,0.00030004227420477037,0.053394436836242676,-0.15653663873672485,0.0075691647955977714,0.044443726539611816,-0.13361912965774536,0.009267314163764695,0.07011181116104126,-0.1574745774269104,-0.015019639568606635,0.0800885558128357,-0.15094488859176636,-0.005803731909225007,0.0686994194984436,-0.12139379978179932,0.0006583486113527215,0.057460665702819824,-0.09816253185272217,0.0009024367912502385,0.09680426120758057,-0.12405622005462646,-0.019581482919136306,0.0947343111038208,-0.11352860927581787,-0.00962601991949441,0.0836097002029419,-0.09058284759521484,-0.0013337664410641992,0.07417452335357666,-0.07319146394729614,0.003306826403161267,FIST
0.0,0.0,0.0,-0.038074612617492676,-0.07474952936172485,0.0068906548969494,-0.043782591819763184,-0.14127111434936523,0.005751067639891971,-0.02257329225540161,-0.17966443300247192,0.0027614481352316034,0.003323197364807129,-0.18095815181732178,0.00024974699607582806,0.005500048398971558,-0.19436970353126526,-0.005218013788010012,0.004712611436843872,-0.23259127140045166,-0.0028659306861413825,-0.003059297800064087,-0.210138738155365,0.0008493527840869319,-0.008036166429519653,-0.1829485297203064,0.003003420874108542,0.041562795639038086,-0.18202275037765503,-0.01032629762067927,0.03272154927253723,-0.19665777683258057,-0.0010299360308749783,0.020332515239715576,-0.17141929268836975,0.0039253047272609365,0.0155411958694458,-0.14727938175201416,0.003587360361223091,0.06896811723709106,-0.1550614833831787,-0.013237458320702444,0.05367624759674072,-0.16079431772232056,-0.005109859297419916,0.04245176911354065,-0.1381744146347046,-0.001192107696454059,0.03573012351989746,-0.11346524953842163,-0.0028383297774894345,0.0885818600654602,-0.1257309913635254,-0.015795050787176024,0.07501369714736938,-0.12809348106384277,-0.0075587836489035,0.06371569633483887,-0.11003583669662476,-0.00026198539291044654,0.055964767932891846,-0.0898900032043457,0.003793538182605971,FIST
0.0,0.0,0.0,-0.04074549674987793,-0.07275247573852539,0.008177275251568972,-0.04816979169845581,-0.13917499780654907,0.009950129728736101,-0.028854340314865112,-0.1788184642791748,0.01030240528655213,-0.005064845085144043,-0.18451043963432312,0.01108387247097653,0.008598178625106812,-0.19310009479522705,-0.0003318387547324164,0.0014694929122924805,-0.23411807417869568,0.007112439203979193,-0.010745376348495483,-0.2119266390800476,0.013188891526283442,-0.014445602893829346,-0.18510222434997559,0.01620898343992394,0.045041948556900024,-0.17607909440994263,-0.004106241330532612,0.028812259435653687,-0.2066960632801056,0.009837801981689154,0.013712078332901001,-0.18689918518066406,0.016829054284812628,0.009447574615478516,-0.16258513927459717,0.017441011447431265,0.07097911834716797,-0.14708435535430908,-0.005508203577278437,0.04911145567893982,-0.16926449537277222,0.00632784696665567,0.036708325147628784,-0.15056687593460083,0.011396341439308344,0.03169125318527222,-0.12576019763946533,0.00999225344878596,0.08794480562210083,-0.11669492721557617,-0.006335090432344259,0.07028800249099731,-0.13439226150512695,0.0038720240760312663,0.057980895042419434,-0.11848920583724976,0.012081236060680567,0.0513530969619751,-0.09749537706375122,0.01630106702816647,FIST
0.0,0.0,0.0,-0.038975298404693604,-0.07473945617675781,0.008558159412700661,-0.04625764489173889,-0.13971972465515137,0.009105652289349564,-0.02758648991584778,-0.18147411942481995,0.00842309808160735,-0.006145834922790527,-0.1894141435623169,0.008527679087478646,0.004017621278762817,-0.19889861345291138,-0.0061435818691961686,0.004125773906707764,-0.2348330318927765,0.0018034548944569906,-0.003850311040878296,-0.2094549834728241,0.010821715647239216,-0.00827181339263916,-0.18159246444702148,0.01583319967414809,0.04128703474998474,-0.1851767599582672,-0.010632665177922718,0.03060901165008545,-0.20065245032310486,0.003968239946175345,0.018626660108566284,-0.1760929524898529,0.011747820952791699,0.014640003442764282,-0.15181505680084229,0.011910093666870125,0.06905391812324524,-0.15643149614334106,-0.012028334943693153,0.05179092288017273,-0.16587018966674805,0.0007196971079110881,0.04098743200302124,-0.14320194721221924,0.005873880533386,0.03479662537574768,-0.11778813600540161,0.0034222637283392032,0.08875736594200134,-0.12570756673812866,-0.012840263826888076,0.07298490405082703,-0.13103318214416504,-0.0020128491354398648,0.06125107407569885,-0.11354410648345947,0.005676287876326569,0.05357721447944641,-0.09377932548522949,0.009076557772118576,FIST
0.0,0.0,0.0,-0.038650691509246826,-0.07525104284286499,0.007150221623760444,-0.04459390044212341,-0.14040040969848633,0.007549357142579538,-0.024417370557785034,-0.180284321308136,0.006866777789127809,-0.001996636390686035,-0.18565642833709717,0.00691056671394108,0.004957050085067749,-0.19828134775161743,-0.0054320222620845016,0.005100131034851074,-0.23536241054534912,0.0021685953329324548,-0.0037060678005218506,-0.21079334616661072,0.010631417397689802,-0.00798448920249939,-0.1837439239025116,0.015166484292876703,0.04249680042266846,-0.18362924456596375,-0.009422996539342421,0.031825631856918335,-0.2027779221534729,0.003980155110639316,0.01921871304512024,-0.17966341972351074,0.010932047393453104,0.0149000883102417,-0.1552864909172058,0.010932108860743028,0.07063278555870056,-0.1551232933998108,-0.010600995730328577,0.05296644568443298,-0.1683884561061859,0.0005618773361675267,0.04121670126914978,-0.14624983072280884,0.004782918382716161,0.035011470317840576,-0.12057912349700928,0.002320073785540444,0.09087738394737244,-0.12511706352233887,-0.011232808690238016,0.07488152384757996,-0.13499289751052856,-0.002083091756048816,0.06235572695732117,-0.11767405271530151,0.004886379473191482,0.0547468364238739,-0.09713369607925415,0.008205403115880472,FIST
0.0,0.0,0.0,-0.037368565797805786,-0.07542818784713745,0.008182776467663189,-0.042307108640670776,-0.13841509819030762,0.008500527897638221,-0.021965324878692627,-0.17401373386383057,0.007282479507637163,-0.0004513561725616455,-0.17780280113220215,0.00670184691415443,0.0038927197456359863,-0.19704797863960266,-0.005094263395506005,0.007964104413986206,-0.2332475483417511,0.0013995936184869606,0.001247704029083252,-0.20869207382202148,0.009358397992116352,-0.0032618939876556396,-0.18100953102111816,0.013873339937788387,0.041766464710235596,-0.18163436651229858,-0.009956209613221745,0.035184383392333984,-0.19752725958824158,0.002386360270691057,0.023596256971359253,-0.17337003350257874,0.009018205413383384,0.01887226104736328,-0.14859998226165771,0.009130430714947124,0.0704294741153717,-0.15202951431274414,-0.012084629079538445,0.05569341778755188,-0.1616213321685791,-0.0016411781965075534,0.044367194175720215,-0.1385325789451599,0.002434149225962301,0.03744068741798401,-0.11282134056091309,0.00016751895753941426,0.09138193726539612,-0.12067383527755737,-0.013591997949617962,0.07740506529808044,-0.1259656548500061,-0.004462297233033041,0.0656861960887909,-0.10817611217498779,0.0025053909791381557,0.05813118815422058,-0.0881301760673523,0.0059334485137583215,FIST
0.0,0.0,0.0,-0.03818681836128235,-0.0740005373954773,0.009487364177857671,-0.04370921850204468,-0.1378539800643921,0.011394573112283979,-0.023504287004470825,-0.1756470799446106,0.011971358877872262,-0.003554731607437134,-0.17964547872543335,0.01301718663171414,0.0031540989875793457,-0.20000237226486206,-0.0037761689468425175,0.007964879274368286,-0.23489120602607727,0.0047346150663543085,0.0015034377574920654,-0.20898601412773132,0.013907191080306802,-0.002553105354309082,-0.18187028169631958,0.018984345455919538,0.04171213507652283,-0.18393072485923767,-0.008276390175069537,0.03657838702201843,-0.20203107595443726,0.006565059737567935,0.024889051914215088,-0.17764973640441895,0.014531350431298051,0.02012893557548523,-0.15308481454849243,0.015215971243833337,0.07091465592384338,-0.15358763933181763,-0.009807977157379355,0.05784335732460022,-0.16567611694335938,0.003135166100491915,0.04610690474510193,-0.14314746856689453,0.007643259332780872,0.03887897729873657,-0.1181827187538147,0.005039965936248336,0.09182873368263245,-0.12146461009979248,-0.010622830393458571,0.0779021680355072,-0.12691468000411987,-4.955436588716111e-05,0.06575122475624084,-0.10906052589416504,0.006728486825977598,0.058133095502853394,-0.08947205543518066,0.00966715413824204,FIST
0.0,0.0,0.0,-0.038397252559661865,-0.0737033486366272,0.0069925916838542435,-0.04442143440246582,-0.13595497608184814,0.006503202159990451,-0.024513185024261475,-0.17358464002609253,0.004792989370514533,-0.0048691630363464355,-0.18246617913246155,0.0037857262875036213,0.0025952160358428955,-0.20082104206085205,-0.00710079851643286,0.008556753396987915,-0.23370099067687988,-0.0010587268982931164,0.002655237913131714,-0.2074676752090454,0.006483431578715226,-0.002003282308578491,-0.17906412482261658,0.010774846327592513,0.04199713468551636,-0.18476223945617676,-0.011460561166416028,0.036329060792922974,-0.19519546627998352,0.0011169499709353659,0.025220900774002075,-0.1693437695503235,0.007498597399433038,0.020529568195343018,-0.14453279972076416,0.007196730607290647,0.07118028402328491,-0.15369868278503418,-0.013105399767766812,0.05733633041381836,-0.1598566174507141,-0.002560295957039216,0.04610684514045715,-0.13518667221069336,0.001224242988143942,0.03891834616661072,-0.10931873321533203,-0.001391174831326225,0.09240996837615967,-0.12113529443740845,-0.014219655516455987,0.07801675796508789,-0.12354123592376709,-0.005142426445047477,0.06612563133239746,-0.10465747117996216,0.0014611891462550375,0.0583188533782959,-0.08449488878250122,0.00463745477526345,FIST
0.0,0.0,0.0,-0.038607895374298096,-0.074726402759552,0.008359316545409001,-0.04422357678413391,-0.13744133710861206,0.009180540959221162,-0.024353235960006714,-0.17453622817993164,0.008718280861955918,-0.004652917385101318,-0.1810561716556549,0.008857191349250115,0.0028908848762512207,-0.19889912009239197,-0.005153782391118966,0.007767796516418457,-0.2352440059185028,0.0021737120532066,0.0006445050239562988,-0.20924827456474304,0.010423894780558385,-0.0038277506828308105,-0.1812882125377655,0.014984470601064004,0.04154512286186218,-0.18208664655685425,-0.00965155121417638,0.03576791286468506,-0.2002149522304535,0.004000002327245511,0.024319827556610107,-0.17597991228103638,0.011087692151647843,0.019701093435287476,-0.1510869264602661,0.01118203699110154,0.07048451900482178,-0.15172696113586426,-0.01129754931213256,0.05615943670272827,-0.1641746163368225,0.0004831936802816017,0.04506564140319824,-0.14114224910736084,0.0047229149330974,0.038382500410079956,-0.11560535430908203,0.002092080698218979,0.09125101566314697,-0.12024402618408203,-0.01230957098783847,0.0768401026725769,-0.12742650508880615,-0.002801690441685878,0.06496357917785645,-0.10933613777160645,0.003969702212941684,0.057460248470306396,-0.08905172348022461,0.007081960602533854,FIST
0.0,0.0,0.0,-0.03888186812400818,-0.07487887144088745,0.009585231856419796,-0.04459086060523987,-0.13864529132843018,0.011558881343319172,-0.025074541568756104,-0.17692208290100098,0.012139342107786888,-0.006170719861984253,-0.1851872205734253,0.013183009193255657,0.003133714199066162,-0.20113497972488403,-0.0033517369656124174,0.006841868162155151,-0.23639774322509766,0.005019643192156309,-0.0005754828453063965,-0.2115441858768463,0.013757054076506847,-0.004991859197616577,-0.18480068445205688,0.01855990694554066,0.04178294539451599,-0.18562859296798706,-0.00802285099683786,0.0347064733505249,-0.20243722200393677,0.00708215156288361,0.022423774003982544,-0.1786467432975769,0.014714247860922569,0.01747259497642517,-0.154502272605896,0.01496264835537886,0.07064986228942871,-0.155523419380188,-0.009722172900126225,0.05544281005859375,-0.16628265380859375,0.00351930464336192,0.04372718930244446,-0.1436445713043213,0.007987013400509113,0.03670200705528259,-0.11854684352874756,0.00514760272295689,0.09124422073364258,-0.12372517585754395,-0.010762439726875073,0.07597565650939941,-0.12875604629516602,-0.00018728088519992525,0.06365585327148438,-0.11072742938995361,0.006737408542051071,0.05585920810699463,-0.0908362865447998,0.009747279190435165,FIST
0.0,0.0,0.0,0.028131842613220215,-0.04536569118499756,0.0036986155649287866,0.049710482358932495,-0.08984982967376709,-0.0025305419946448637,0.06930658221244812,-0.1186181902885437,-0.013415264223738177,0.08279022574424744,-0.14437991380691528,-0.0200442441525297,0.02182215452194214,-0.17941445112228394,0.006741723253355758,0.09448304772377014,-0.16691911220550537,-0.01368264879755543,0.09097114205360413,-0.12939834594726562,-0.025849129331334098,0.07161763310432434,-0.11198610067367554,-0.030789609325154288,0.025827080011367798,-0.17803940176963806,-0.004364186224563582,0.10578933358192444,-0.15635037422180176,-0.021862113175018294,0.09281685948371887,-0.1180991530418396,-0.02511098913572596,0.06856700778007507,-0.10946744680404663,-0.023953319785221083,0.03651827573776245,-0.16591936349868774,-0.01782173968575762,0.1082933247089386,-0.1378246545791626,-0.029170102697833045,0.0938439667224884,-0.10081303119659424,-0.022869163450820906,0.07245662808418274,-0.09387141466140747,-0.016398615461810095,0.0514083206653595,-0.14266514778137207,-0.0322331071617441,0.104216068983078,-0.11126220226287842,-0.0327860594513254,0.0916682779788971,-0.08237242698669434,-0.02478507466338442,0.072081059217453,-0.07767218351364136,-0.018750674349291785,FIST
0.0,0.0,0.0,0.057147443294525146,-0.03577840328216553,0.001956806946267875,0.0853431224822998,-0.07782864570617676,-0.00541002726210138,0.10884237289428711,-0.10961276292800903,-0.01782492039752981,0.12199634313583374,-0.1497219204902649,-0.025048226621279923,0.025997579097747803,-0.19495385885238647,0.014333718884458335,0.09647125005722046,-0.18073487281799316,-0.010921085756550042,0.08531057834625244,-0.1411091685295105,-0.02925399182392141,0.06038713455200195,-0.1372562050819397,-0.03969107804847738,0.01679399609565735,-0.20049816370010376,0.0016882433180711587,0.10199403762817383,-0.1851271390914917,-0.02207921309424421,0.08872216939926147,-0.14115393161773682,-0.029846555125246255,0.06422650814056396,-0.13885504007339478,-0.03186825154377004,0.014999836683273315,-0.1967335343360901,-0.014392497521171776,0.09392780065536499,-0.17267698049545288,-0.03446668623043081,0.07966113090515137,-0.128160297870636,-0.02925617298139116,0.055461585521698,-0.1268329620361328,-0.02243646098328611,0.020291656255722046,-0.18172770738601685,-0.03135214982582113,0.08261561393737793,-0.15079528093338013,-0.039312115442285744,0.07007920742034912,-0.11703330278396606,-0.03186692906571409,0.04532814025878906,-0.11767542362213135,-0.02550050107790014,FIST
0.0,0.0,0.0,0.053789377212524414,-0.03130316734313965,-0.0038058779590706138,0.08631926774978638,-0.06935542821884155,-0.013559400189382842,0.11050945520401001,-0.10811525583267212,-0.02688954034046631,0.11187595129013062,-0.15330809354782104,-0.03507191510097485,0.0314793586730957,-0.18662512302398682,0.010858165014820287,0.09487926959991455,-0.1808224320411682,-0.014315777543647101,0.08475250005722046,-0.13667899370193481,-0.03304612831370335,0.062172889709472656,-0.13032686710357666,-0.04356095762149792,0.01819789409637451,-0.19512999057769775,0.001431581129605064,0.09666687250137329,-0.19003885984420776,-0.024386292408866694,0.08496403694152832,-0.14088177680969238,-0.034270821224613,0.06106078624725342,-0.13280147314071655,-0.03622016878025036,0.010962724685668945,-0.19541287422180176,-0.011409961703879645,0.08660632371902466,-0.17852002382278442,-0.03405035481945973,0.07328593730926514,-0.1297737956047058,-0.02944350251154404,0.04926806688308716,-0.12547683715820312,-0.02114105233149033,0.008800804615020752,-0.1850305199623108,-0.025267066519422343,0.07249277830123901,-0.158017098903656,-0.036417147230071834,0.06195908784866333,-0.12148106098175049,-0.02926652514533501,0.03772330284118652,-0.11988979578018188,-0.021384570833010486,FIST
0.0,0.0,0.0,0.054368019104003906,-0.03195023536682129,-0.0035181348806609947,0.0839611291885376,-0.07063555717468262,-0.013590476535110696,0.09859353303909302,-0.11019420623779297,-0.026608287416248544,0.09181481599807739,-0.15037131309509277,-0.035344303645043595,0.032522618770599365,-0.18299543857574463,0.0013347699410850566,0.08392059803009033,-0.18054866790771484,-0.023112804688363298,0.07393920421600342,-0.13426584005355835,-0.03908456215992473,0.05398523807525635,-0.12907308340072632,-0.047763482726960405,0.014035165309906006,-0.19014829397201538,-0.008742582112400754,0.08137392997741699,-0.18659698963165283,-0.033699748165755494,0.07061910629272461,-0.13153141736984253,-0.041390446074156984,0.04784518480300903,-0.12419050931930542,-0.04231750319138072,0.0009019970893859863,-0.18689972162246704,-0.021149291716366037,0.06941217184066772,-0.17581474781036377,-0.043337171025424226,0.0571671724319458,-0.12186306715011597,-0.03544449905291103,0.03264528512954712,-0.1182827353477478,-0.02546447242036365,-0.009729564189910889,-0.173539400100708,-0.03427222842708133,0.05087178945541382,-0.15522539615631104,-0.0456669862045338,0.04217880964279175,-0.11635655164718628,-0.03563464532032512,0.018068313598632812,-0.11406445503234863,-0.025559767208843454,FIST
0.0,0.0,0.0,0.047777771949768066,-0.05191981792449951,-0.0004207065617052308,0.06985145807266235,-0.10407400131225586,-0.007973437441684439,0.08004719018936157,-0.14644324779510498,-0.0193310922590868,0.06888270378112793,-0.1807078719139099,-0.02733530314842625,0.0067573487758636475,-0.192550927400589,0.004754598473958538,0.05309140682220459,-0.21109557151794434,-0.014401176257230475,0.05542105436325073,-0.16325777769088745,-0.02780764201859398,0.03985750675201416,-0.15117394924163818,-0.03585495451668663,-0.009858906269073486,-0.19096365571022034,-0.006062660610474779,0.04825949668884277,-0.20670053362846375,-0.02472403483668728,0.049679338932037354,-0.15247923135757446,-0.03142553219775124,0.029050827026367188,-0.14122432470321655,-0.0338491017578022,-0.020636558532714844,-0.18231183290481567,-0.01883199090341492,0.03959214687347412,-0.19305038452148438,-0.035748016333378985,0.03949737548828125,-0.14057821035385132,-0.02943331400135918,0.018748044967651367,-0.12905198335647583,-0.022430248802699282,-0.026883482933044434,-0.16407495737075806,-0.032134175544776156,0.02704685926437378,-0.16859835386276245,-0.040786270296372606,0.027334392070770264,-0.13066434860229492,-0.031763918942012026,0.006385773420333862,-0.1185903549194336,-0.023640629148282244,FIST
0.0,0.0,0.0,-0.024784505367279053,-0.05163466930389404,-0.018345734184833873,-0.034806013107299805,-0.10800409317016602,-0.03198383011505257,-0.011960387229919434,-0.14369124174118042,-0.04613219582125794,0.020561397075653076,-0.1570153832435608,-0.058566663494559634,0.004212558269500732,-0.18174320459365845,-0.01716224298462521,0.010526120662689209,-0.2610803246498108,-0.041195835998507846,0.014905989170074463,-0.3084579110145569,-0.05793903403565537,0.019848883152008057,-0.34774336218833923,-0.0699955859093393,0.032325565814971924,-0.1593981683254242,-0.019687943240853656,0.04040247201919556,-0.20555683970451355,-0.05112333976313721,0.0212705135345459,-0.156037837266922,-0.059699881902190555,0.009127199649810791,-0.12059563398361206,-0.0593967699317659,0.055813491344451904,-0.12906450033187866,-0.025082340544315684,0.06277811527252197,-0.16128480434417725,-0.05246213459059845,0.03597539663314819,-0.11807680130004883,-0.0441207961051191,0.02140587568283081,-0.08858287334442139,-0.03198752932831894,0.07432180643081665,-0.09181904792785645,-0.03267115735098969,0.07752513885498047,-0.11770689487457275,-0.048804767510148395,0.054162681102752686,-0.09570270776748657,-0.04165923603460442,0.04241597652435303,-0.0787469744682312,-0.03259037815615784,POINTING
0.0,0.0,0.0,-0.024265587329864502,-0.04925042390823364,-0.020502210429924617,-0.033981502056121826,-0.10724472999572754,-0.0353601955092131,-0.012348949909210205,-0.14336568117141724,-0.050912667832392344,0.01987212896347046,-0.15557387471199036,-0.0649956658697306,0.005990266799926758,-0.17910203337669373,-0.018433726227897296,0.01197516918182373,-0.258334219455719,-0.04217694776417602,0.015182673931121826,-0.30642440915107727,-0.057110958567875514,0.020254552364349365,-0.345172643661499,-0.06762104930641044,0.03505963087081909,-0.15716442465782166,-0.020616001284736285,0.04215019941329956,-0.2022455930709839,-0.05421325641037811,0.022471964359283447,-0.15463751554489136,-0.06285011472465385,0.010284423828125,-0.11756539344787598,-0.06139200257422317,0.05893617868423462,-0.12688970565795898,-0.025845966137069354,0.0628466010093689,-0.1567326784133911,-0.05599867256643165,0.03607487678527832,-0.11453092098236084,-0.048999235800522456,0.022124767303466797,-0.08476287126541138,-0.03649796249629844,0.07755988836288452,-0.08949387073516846,-0.03332249151827682,0.07887822389602661,-0.11437338590621948,-0.05128840433718551,0.0552140474319458,-0.09351718425750732,-0.045434375128763804,0.04240906238555908,-0.07595854997634888,-0.036671032032984385,POINTING
0.0,0.0,0.0,-0.024097084999084473,-0.04929918050765991,-0.020759717609735162,-0.03299117088317871,-0.10599571466445923,-0.03528007776662889,-0.010394394397735596,-0.13990098237991333,-0.05021097422763887,0.02134573459625244,-0.15297135710716248,-0.06352386907860819,0.004364371299743652,-0.18196254968643188,-0.018981163438411386,0.010748445987701416,-0.2605397403240204,-0.04255249262973848,0.014153838157653809,-0.3078956604003906,-0.05754575790092531,0.019082963466644287,-0.34669750928878784,-0.06821085796877924,0.03286808729171753,-0.15888738632202148,-0.021168083932252557,0.041575491428375244,-0.2028176188468933,-0.054114359479399354,0.0234067440032959,-0.15183910727500916,-0.06234265403077188,0.012529730796813965,-0.1156110167503357,-0.06099821911379877,0.056227266788482666,-0.12781137228012085,-0.026421030100436838,0.06378602981567383,-0.15735113620758057,-0.056870169054718644,0.03738737106323242,-0.11287206411361694,-0.04937413991615358,0.023134052753448486,-0.08417856693267822,-0.03660694793984476,0.07395941019058228,-0.09085297584533691,-0.033847897361965806,0.07844609022140503,-0.11605942249298096,-0.052494092892857225,0.055130064487457275,-0.09250807762145996,-0.04609171212837282,0.04222589731216431,-0.07487714290618896,-0.03692261041328493,POINTING
0.0,0.0,0.0,-0.02308136224746704,-0.05509364604949951,-0.018892048520541493,-0.02838754653930664,-0.1155707836151123,-0.03164763249228031,-0.000736236572265625,-0.15055328607559204,-0.04508441932270557,0.03279167413711548,-0.16409888863563538,-0.05726168922851116,0.0018538832664489746,-0.18418586254119873,-0.015000085008836095,0.004212141036987305,-0.26243072748184204,-0.03564649693439037,0.006280958652496338,-0.3111496567726135,-0.048955420625901525,0.011093080043792725,-0.35167768597602844,-0.05869525544116527,0.030358433723449707,-0.16189217567443848,-0.018170206469989125,0.04733079671859741,-0.2133042812347412,-0.04788792378971607,0.03139883279800415,-0.1678793728351593,-0.05574133492777378,0.017519354820251465,-0.13240337371826172,-0.054429019463754,0.054123759269714355,-0.13067305088043213,-0.02403220593700439,0.06815892457962036,-0.16390910744667053,-0.05292416609594852,0.043924570083618164,-0.12237429618835449,-0.0462486246950391,0.0271834135055542,-0.09417951107025146,-0.03419739253590137,0.07284790277481079,-0.09329688549041748,-0.031776881439185445,0.08456766605377197,-0.12389296293258667,-0.04960661999652416,0.06262201070785522,-0.10090607404708862,-0.0423181565828088,0.045687079429626465,-0.08119076490402222,-0.03277081869313747,POINTING
0.0,0.0,0.0,-0.02282041311264038,-0.05180990695953369,-0.020549556528891344,-0.025292813777923584,-0.11401891708374023,-0.032265812447036524,0.004644572734832764,-0.1502552628517151,-0.04335120349165322,0.03741312026977539,-0.17091238498687744,-0.05304738908048989,0.0040321946144104,-0.18504229187965393,-0.01710424973603608,0.007009267807006836,-0.2618279457092285,-0.03793470962878587,0.00785762071609497,-0.3112223148345947,-0.052489202758039255,0.011047124862670898,-0.35027360916137695,-0.06292179255720498,0.03285700082778931,-0.16181057691574097,-0.01813906087514283,0.05325502157211304,-0.21422535181045532,-0.04625961213346841,0.038763999938964844,-0.1699027419090271,-0.05477096541758897,0.024479389190673828,-0.13351202011108398,-0.054051630487407465,0.05645793676376343,-0.13109099864959717,-0.021856924807394762,0.07126480340957642,-0.16697478294372559,-0.04905305831667306,0.0480005145072937,-0.1250826120376587,-0.043047551354135294,0.03203099966049194,-0.09595745801925659,-0.03189127921100976,0.07529383897781372,-0.09434384107589722,-0.027524108355606813,0.08783024549484253,-0.12736517190933228,-0.046670977314676065,0.06509852409362793,-0.10179740190505981,-0.04024462058183076,0.04742741584777832,-0.07966774702072144,-0.03084774530466916,POINTING
0.0,0.0,0.0,-0.021033287048339844,-0.05689823627471924,-0.019432932651852752,-0.020025968551635742,-0.1205446720123291,-0.03127658977291503,0.013437926769256592,-0.15493422746658325,-0.04283679514310279,0.048877716064453125,-0.17342126369476318,-0.053541554651474144,0.009209811687469482,-0.18978071212768555,-0.017095491803502227,0.012815654277801514,-0.2661612927913666,-0.03774560853025832,0.015048623085021973,-0.31626129150390625,-0.05203061043403068,0.01991325616836548,-0.35658127069473267,-0.062320223591541435,0.03767520189285278,-0.1655324101448059,-0.018848896540021087,0.059629082679748535,-0.218802809715271,-0.04644020139357963,0.0433192253112793,-0.17395776510238647,-0.054287268362259056,0.02863168716430664,-0.13662731647491455,-0.05330104990980544,0.0608905553817749,-0.13270938396453857,-0.02297506160221019,0.0787053108215332,-0.16829964518547058,-0.05006963624737182,0.05291903018951416,-0.12575745582580566,-0.04366046427867332,0.036471009254455566,-0.09612518548965454,-0.03237004815719047,0.07884013652801514,-0.09380191564559937,-0.028881660244678642,0.09195983409881592,-0.1272677183151245,-0.04747169329903045,0.06798851490020752,-0.1009330153465271,-0.040175678721880104,0.05087780952453613,-0.07814282178878784,-0.03038824400982776,POINTING
0.0,0.0,0.0,-0.021426796913146973,-0.05254000425338745,-0.02048764079277987,-0.020073354244232178,-0.11795961856842041,-0.03204402028983111,0.016126811504364014,-0.15139776468276978,-0.0425866588897037,0.053573668003082275,-0.16573047637939453,-0.05193750261729235,0.009784400463104248,-0.19125890731811523,-0.019109590718798586,0.015343308448791504,-0.2680232524871826,-0.039210309082918116,0.017687082290649414,-0.3184351921081543,-0.053039160365514704,0.021698296070098877,-0.3587280511856079,-0.06347490921085353,0.03916698694229126,-0.16756904125213623,-0.019670975202970453,0.05799531936645508,-0.21609073877334595,-0.04611073880856509,0.04246920347213745,-0.16639965772628784,-0.05301378741329188,0.029591083526611328,-0.12982743978500366,-0.05212080552642817,0.06258565187454224,-0.1353185772895813,-0.022555979708485552,0.08020609617233276,-0.16658630967140198,-0.04970574825470919,0.053734779357910156,-0.12067371606826782,-0.04251517801945681,0.03630870580673218,-0.09214156866073608,-0.031037998194150873,0.0806816816329956,-0.09741097688674927,-0.027211866149954744,0.09440767765045166,-0.12737929821014404,-0.04781723096435542,0.07079315185546875,-0.09883636236190796,-0.04111279993718142,0.05373954772949219,-0.07772552967071533,-0.03143952860897059,POINTING
0.0,0.0,0.0,-0.02918606996536255,-0.03654378652572632,-0.02115728972916031,-0.05072671175003052,-0.08973854780197144,-0.038092261985582354,-0.04273027181625366,-0.12612348794937134,-0.054451717869085314,-0.012595176696777344,-0.14256030321121216,-0.06872116296057129,-0.02150547504425049,-0.19176417589187622,-0.02512288546625996,-0.030326485633850098,-0.27044427394866943,-0.057321629360956194,-0.037183940410614014,-0.3250877261161804,-0.08124745158914948,-0.04238450527191162,-0.3680152893066406,-0.09801949827436829,0.014958739280700684,-0.1808876395225525,-0.026602997318548205,0.0022490620613098145,-0.2074490487575531,-0.06250513611797714,-0.011656701564788818,-0.14720523357391357,-0.07147795228723908,-0.01645064353942871,-0.11139905452728271,-0.07142865924600983,0.04779314994812012,-0.15632402896881104,-0.03150221972231293,0.03405660390853882,-0.16122674942016602,-0.06131945072178269,0.012654304504394531,-0.10627150535583496,-0.05080993740324402,0.0052307844161987305,-0.07915210723876953,-0.03757557539705658,0.07707130908966064,-0.12299811840057373,-0.039049449250740054,0.06237095594406128,-0.12436622381210327,-0.058836488858503344,0.04152250289916992,-0.09019041061401367,-0.0514152560985508,0.03704977035522461,-0.07468295097351074,-0.041302221701187136,POINTING
0.0,0.0,0.0,-0.02387171983718872,-0.040855348110198975,-0.01862899080930447,-0.03594785928726196,-0.10063022375106812,-0.03146186710415577,-0.02000749111175537,-0.14332443475723267,-0.044592509577853434,0.00794440507888794,-0.16009896993637085,-0.05568705738602375,-0.006792545318603516,-0.18266361951828003,-0.009579567770344966,-0.003299415111541748,-0.22800815105438232,-0.033035284439904444,-0.016386806964874268,-0.2126622200012207,-0.05025612057266926,-0.025236189365386963,-0.19403749704360962,-0.06007077411828732,0.02632361650466919,-0.17307907342910767,-0.01063796185968613,0.03449660539627075,-0.21206945180892944,-0.03470601008353924,0.014662325382232666,-0.16491013765335083,-0.043759858767373316,0.0010268688201904297,-0.12780344486236572,-0.044682676504237406,0.05615025758743286,-0.15222841501235962,-0.015297841812355273,0.05796229839324951,-0.1734967827796936,-0.03920417890964245,0.03571850061416626,-0.13042569160461426,-0.03686304629860615,0.02055835723876953,-0.09835803508758545,-0.029532563472969287,0.08179605007171631,-0.12321072816848755,-0.021760460520965808,0.0828278660774231,-0.14294123649597168,-0.038479498187882655,0.06124621629714966,-0.1127210259437561,-0.03473550693212246,0.04708528518676758,-0.08676314353942871,-0.02774410189209675,POINTING
0.0,0.0,0.0,-0.01943373680114746,-0.047037720680236816,-0.016460969824976246,-0.02177351713180542,-0.11363077163696289,-0.02527031839329652,-0.01277834177017212,-0.16833102703094482,-0.03619023018021039,0.009302973747253418,-0.18806558847427368,-0.04436690338391713,0.01121819019317627,-0.16067832708358765,0.0028900448096180753,0.029646098613739014,-0.20922353863716125,-0.019781386260575573,0.01146399974822998,-0.1925787329673767,-0.033629968543237965,0.00035321712493896484,-0.16515207290649414,-0.03922594316739492,0.03752875328063965,-0.14912331104278564,0.0015316943035657005,0.06288588047027588,-0.20352140069007874,-0.024125439827031414,0.03513610363006592,-0.17847532033920288,-0.032344016958660404,0.01862257719039917,-0.14832353591918945,-0.0302057357176011,0.06160503625869751,-0.1300572156906128,-0.004673426751679699,0.08112508058547974,-0.1738387942314148,-0.029395870645231525,0.052235960960388184,-0.15087050199508667,-0.028443788890427868,0.034991681575775146,-0.12283730506896973,-0.019726818208283703,0.08287960290908813,-0.10550945997238159,-0.012648290735370438,0.09980684518814087,-0.13569915294647217,-0.026651758481449406,0.07919776439666748,-0.12307769060134888,-0.02444278240639619,0.06426966190338135,-0.10198181867599487,-0.018267392893022816,POINTING
0.0,0.0,0.0,-0.021575510501861572,-0.05845355987548828,-0.026406015657258308,-0.015435576438903809,-0.12221676111221313,-0.03968389650471238,0.028029680252075195,-0.15221798419952393,-0.05080753510482339,0.06984061002731323,-0.16085082292556763,-0.060113608293605125,0.01572716236114502,-0.1990489661693573,-0.022427111320567406,0.026964306831359863,-0.28092390298843384,-0.043439696930718696,0.032740890979766846,-0.3316701054573059,-0.05773489495403794,0.040065228939056396,-0.37381619215011597,-0.06856845264918832,0.047137558460235596,-0.17143207788467407,-0.020496347375583923,0.07294642925262451,-0.22241294384002686,-0.04778757264502076,0.05450749397277832,-0.1714230179786682,-0.05471192991025475,0.03944879770278931,-0.1376975178718567,-0.05360839461572198,0.07148432731628418,-0.13633912801742554,-0.02156323885209588,0.0955238938331604,-0.16686314344406128,-0.050641796939444816,0.06589215993881226,-0.12087076902389526,-0.04353361149914292,0.045993030071258545,-0.09617620706558228,-0.031311600856852806,0.08906513452529907,-0.09754496812820435,-0.024873941593241966,0.11110162734985352,-0.126448392868042,-0.046889107130837715,0.08606189489364624,-0.09855836629867554,-0.040307655386996544,0.06649166345596313,-0.08083051443099976,-0.030292966790867126,POINTING
0.0,0.0,0.0,-0.014378607273101807,-0.05572378635406494,-0.01685204219671732,-0.005773663520812988,-0.11966478824615479,-0.024115287257757245,0.03329610824584961,-0.15438836812973022,-0.030605165778126775,0.06867778301239014,-0.17094027996063232,-0.03603544135245329,0.02054363489151001,-0.1810573935508728,-0.012763078814771234,0.03349071741104126,-0.252514123916626,-0.0328218718305493,0.04088634252548218,-0.3026471436023712,-0.04726231892260557,0.04608267545700073,-0.3417435586452484,-0.057350989921417295,0.04775422811508179,-0.15911948680877686,-0.013374669967618047,0.07562994956970215,-0.21380969882011414,-0.03705763493331915,0.055304110050201416,-0.17455559968948364,-0.042403046532001554,0.03605526685714722,-0.14148390293121338,-0.039896771802034436,0.06976526975631714,-0.12797635793685913,-0.016538285209264814,0.0907517671585083,-0.1640196442604065,-0.04103513483556753,0.062319278717041016,-0.129097580909729,-0.034450013680782376,0.0433233380317688,-0.1030082106590271,-0.023397908104982434,0.08641290664672852,-0.09040230512619019,-0.021279307572569905,0.10329169034957886,-0.12238389253616333,-0.040552512301530896,0.07697534561157227,-0.10266941785812378,-0.03453761388215071,0.057071149349212646,-0.08325284719467163,-0.025357397763457357,POINTING
0.0,0.0,0.0,-0.018337011337280273,-0.04521971940994263,-0.019365241513028764,-0.01622164249420166,-0.10574662685394287,-0.030867693707719468,0.0027771592140197754,-0.14699488878250122,-0.0424004790786654,0.027376532554626465,-0.17564567923545837,-0.052992481500282906,0.018890380859375,-0.16320598125457764,-0.016374157503619813,0.03307539224624634,-0.24052447080612183,-0.04118965914882722,0.03969544172286987,-0.2963724136352539,-0.056352540612593316,0.04731267690658569,-0.33754926919937134,-0.06538879102505746,0.043498456478118896,-0.14248919486999512,-0.019249582425132417,0.08129644393920898,-0.19741201400756836,-0.052815291792526864,0.05821961164474487,-0.179867684841156,-0.061236202478781365,0.03425323963165283,-0.152743399143219,-0.05670074349679055,0.06089222431182861,-0.11341416835784912,-0.025199251011386536,0.07954996824264526,-0.15416944026947021,-0.05682707926668229,0.04848289489746094,-0.12614363431930542,-0.05164377367533746,0.03118765354156494,-0.09808403253555298,-0.037871554255858086,0.07357275485992432,-0.07767212390899658,-0.0327683088783175,0.08365428447723389,-0.11118072271347046,-0.0531879512075335,0.05783963203430176,-0.09357821941375732,-0.046809889138117455,0.042797088623046875,-0.07108420133590698,-0.0359133069816977,POINTING
0.0,0.0,0.0,-0.021659672260284424,-0.04662257432937622,-0.018179395996554604,-0.02859032154083252,-0.10546410083770752,-0.030136113815530052,-0.012219727039337158,-0.14552325010299683,-0.04288370703957867,0.012338995933532715,-0.16081804037094116,-0.054508512668832054,-0.003063678741455078,-0.1728944182395935,-0.010619966142400017,-0.003355562686920166,-0.22603511810302734,-0.03160025721095394,-0.005768299102783203,-0.2502126693725586,-0.046569531612618675,-0.004839003086090088,-0.2626575827598572,-0.05595045705936741,0.028873682022094727,-0.16328328847885132,-0.012381456621511688,0.04073655605316162,-0.20217150449752808,-0.04113591259024929,0.021988987922668457,-0.15994542837142944,-0.05084469338558506,0.004344463348388672,-0.11774218082427979,-0.05062083324096989,0.05693483352661133,-0.1426248550415039,-0.017426509239300003,0.06646466255187988,-0.17040669918060303,-0.044656319372876396,0.04616612195968628,-0.13561439514160156,-0.043553570114596596,0.028325915336608887,-0.09920448064804077,-0.03578940948150944,0.08113133907318115,-0.11454713344573975,-0.024206815116627922,0.09238064289093018,-0.13982123136520386,-0.04357507249019932,0.07288068532943726,-0.12005305290222168,-0.042365928940995445,0.05344951152801514,-0.09224355220794678,-0.03682808747194599,POINTING
0.0,0.0,0.0,-0.018332242965698242,-0.05258369445800781,-0.013026689077321407,-0.01779705286026001,-0.11304450035095215,-0.021107282387617943,-0.0059928297996521,-0.1573498249053955,-0.031527891653183815,0.00909966230392456,-0.1882580816745758,-0.04118277494848144,0.012945175170898438,-0.1559937596321106,0.0006815424276851445,0.02310776710510254,-0.2075129747390747,-0.021676283227805015,0.012611806392669678,-0.21996015310287476,-0.03653715168178451,0.007767677307128906,-0.2151259183883667,-0.04343957071245086,0.0381198525428772,-0.14472687244415283,-0.0040537648746408195,0.0685160756111145,-0.20754355192184448,-0.031292881714705345,0.04288625717163086,-0.19797372817993164,-0.0417844912880696,0.023504436016082764,-0.16897821426391602,-0.04057442014158141,0.06031876802444458,-0.12297391891479492,-0.01258122072607648,0.08447068929672241,-0.1774647831916809,-0.03940444429457557,0.05219221115112305,-0.16304636001586914,-0.040879785912636635,0.031800687313079834,-0.13319307565689087,-0.033280614661578056,0.07954233884811401,-0.09221726655960083,-0.02220040177047622,0.09035533666610718,-0.1349644660949707,-0.038880977677706596,0.06430143117904663,-0.12539362907409668,-0.036990467357043144,0.04632323980331421,-0.09896135330200195,-0.030596939744953033,POINTING
0.0,0.0,0.0,-0.018332242965698242,-0.05258369445800781,-0.013026689077321407,-0.01779705286026001,-0.11304450035095215,-0.021107282387617943,-0.0059928297996521,-0.1573498249053955,-0.031527891653183815,0.00909966230392456,-0.1882580816745758,-0.04118277494848144,0.012945175170898438,-0.1559937596321106,0.0006815424276851445,0.02310776710510254,-0.2075129747390747,-0.021676283227805015,0.012611806392669678,-0.21996015310287476,-0.03653715168178451,0.007767677307128906,-0.2151259183883667,-0.04343957071245086,0.0381198525428772,-0.14472687244415283,-0.0040537648746408195,0.0685160756111145,-0.20754355192184448,-0.031292881714705345,0.04288625717163086,-0.19797372817993164,-0.0417844912880696,0.023504436016082764,-0.16897821426391602,-0.04057442014158141,0.06031876802444458,-0.12297391891479492,-0.01258122072607648,0.08447068929672241,-0.1774647831916809,-0.03940444429457557,0.05219221115112305,-0.16304636001586914,-0.040879785912636635,0.031800687313079834,-0.13319307565689087,-0.033280614661578056,0.07954233884811401,-0.09221726655960083,-0.02220040177047622,0.09035533666610718,-0.1349644660949707,-0.038880977677706596,0.06430143117904663,-0.12539362907409668,-0.036990467357043144,0.04632323980331421,-0.09896135330200195,-0.030596939744953033,POINTING
0.0,0.0,0.0,-0.018654048442840576,-0.054895102977752686,-0.016306844112776275,-0.016847670078277588,-0.1136215329170227,-0.026614059266947265,-0.0005104541778564453,-0.15565234422683716,-0.03785362145056581,0.019776344299316406,-0.18156224489212036,-0.04857555454721307,0.01833897829055786,-0.1786862015724182,-0.012062935662768837,0.027234137058258057,-0.2600610852241516,-0.03650111382951593,0.02810227870941162,-0.31824272871017456,-0.05389301529278612,0.03325378894805908,-0.35939937829971313,-0.06535299917807436,0.043505311012268066,-0.15822190046310425,-0.015409548339746948,0.07778126001358032,-0.21315041184425354,-0.04612335613121843,0.04812723398208618,-0.1962587833404541,-0.055593360719583984,0.02197897434234619,-0.169031023979187,-0.05383572777857637,0.06226193904876709,-0.12880879640579224,-0.02171612581362581,0.08801048994064331,-0.17629575729370117,-0.04816554537167406,0.05371135473251343,-0.1597694754600525,-0.04403695142021036,0.031093299388885498,-0.13212108612060547,-0.03362507423510408,0.07414460182189941,-0.09338212013244629,-0.029827410859368797,0.08050882816314697,-0.1300768256187439,-0.04744791289915895,0.050719618797302246,-0.12078797817230225,-0.04322379132857179,0.03253960609436035,-0.09733283519744873,-0.03525956025471544,POINTING
0.0,0.0,0.0,-0.014825224876403809,-0.055580973625183105,-0.0014296497182328949,-0.010678589344024658,-0.11600291728973389,-0.005828752481505717,0.003512859344482422,-0.15815335512161255,-0.012768873312637652,0.020856380462646484,-0.18129217624664307,-0.017591385469899024,0.016090571880340576,-0.16285985708236694,-0.0005087111574937353,0.05663031339645386,-0.20144769549369812,-0.012963434049055422,0.05472075939178467,-0.18198317289352417,-0.019093750343785132,0.0434001088142395,-0.1612643003463745,-0.02085103310750469,0.03994685411453247,-0.14761114120483398,-0.006377301012292946,0.08272075653076172,-0.1786908507347107,-0.015110395216510142,0.0749812126159668,-0.15198439359664917,-0.01647725731240257,0.05825597047805786,-0.13315600156784058,-0.015902791471347655,0.06200963258743286,-0.12480878829956055,-0.013877423779234732,0.10056197643280029,-0.1520066261291504,-0.02020198136673912,0.09218180179595947,-0.12770509719848633,-0.015850913078651274,0.07591462135314941,-0.11044824123382568,-0.012082432695791567,0.08065086603164673,-0.09824877977371216,-0.021878062115177954,0.10961270332336426,-0.11798238754272461,-0.025673169941768492,0.10415303707122803,-0.10041910409927368,-0.021183202342257346,0.09163612127304077,-0.08619976043701172,-0.016800104008183325,POINTING
0.0,0.0,0.0,-0.03398752212524414,-0.04051166772842407,-0.01466942900984236,-0.04508119821548462,-0.1030767560005188,-0.024660500196802104,-0.02881103754043579,-0.14702773094177246,-0.0335640092027063,-0.01226264238357544,-0.17909115552902222,-0.04103564514039704,-0.01986938714981079,-0.1788836121559143,-0.022888664586531604,-0.019997358322143555,-0.249198317527771,-0.05432028366445252,-0.024829387664794922,-0.3055686354637146,-0.07925158782123276,-0.03183227777481079,-0.3496483862400055,-0.09583071662305542,0.013790249824523926,-0.16867393255233765,-0.025571782572257007,0.004065573215484619,-0.198490172624588,-0.05532962871907898,-0.01363670825958252,-0.14891916513442993,-0.06151589421747872,-0.02120351791381836,-0.11496835947036743,-0.06122405870078751,0.04365718364715576,-0.14687246084213257,-0.03116058228729912,0.03480207920074463,-0.16420012712478638,-0.056415178312050784,0.011812448501586914,-0.1207684874534607,-0.045045610947596515,0.0032039880752563477,-0.09181016683578491,-0.0329284709524984,0.07096254825592041,-0.11830735206604004,-0.03857103405712792,0.06386452913284302,-0.13299065828323364,-0.05484697265742966,0.040283918380737305,-0.10300171375274658,-0.04428139744518944,0.03305816650390625,-0.08196854591369629,-0.032993976457106555,POINTING
0.0,0.0,0.0,-0.0282442569732666,-0.04141640663146973,-0.010981589880572074,-0.04500824213027954,-0.09718400239944458,-0.01952893040029835,-0.04371994733810425,-0.13840115070343018,-0.030522856254862063,-0.031988561153411865,-0.16821086406707764,-0.03942851847855877,-0.01653200387954712,-0.17443537712097168,0.000978099905154295,-0.018156707286834717,-0.21910619735717773,-0.02141079804746937,-0.03188157081604004,-0.20327800512313843,-0.03673460087625813,-0.042814552783966064,-0.1828906536102295,-0.04400485879628491,0.014187157154083252,-0.16959154605865479,-0.003280232286812179,-0.0002849102020263672,-0.1908518671989441,-0.0258028333529694,-0.017592906951904297,-0.14359575510025024,-0.033941739563630335,-0.024181246757507324,-0.11197322607040405,-0.034669873629496806,0.043386757373809814,-0.15309542417526245,-0.011393944126353972,0.03039383888244629,-0.16811376810073853,-0.03344036019294094,0.010405302047729492,-0.12187063694000244,-0.029550205309675448,0.0011717677116394043,-0.09003126621246338,-0.021564147759960406,0.07110726833343506,-0.12771987915039062,-0.021108375255749934,0.06055265665054321,-0.13753485679626465,-0.035221011702702754,0.040867388248443604,-0.10879874229431152,-0.03096423051206898,0.031781673431396484,-0.08857345581054688,-0.023853672061846964,POINTING
0.0,0.0,0.0,-0.019051313400268555,-0.05394876003265381,-0.004636296396000716,-0.01709204912185669,-0.10949587821960449,-0.007942521338208053,0.00012236833572387695,-0.14692234992980957,-0.014642570492668483,0.021883845329284668,-0.16463696956634521,-0.021617159572286937,0.007427692413330078,-0.14628207683563232,0.010048445920602944,0.009662151336669922,-0.18980887532234192,-0.0070546677791014645,0.008008599281311035,-0.20758351683616638,-0.018769152787371013,0.008212745189666748,-0.20687207579612732,-0.023991115716142986,0.03152942657470703,-0.13816499710083008,0.0033737406145348814,0.05653470754623413,-0.19765177369117737,-0.019227395159049365,0.03898364305496216,-0.19195091724395752,-0.02825389834944758,0.019332826137542725,-0.16585856676101685,-0.026014101085110042,0.0545009970664978,-0.11898809671401978,-0.0059564237937763664,0.060726702213287354,-0.16686993837356567,-0.028424905937953326,0.03436928987503052,-0.1482400894165039,-0.02969799036984,0.018298447132110596,-0.11927980184555054,-0.022254687127514217,0.07503730058670044,-0.09004592895507812,-0.01563377152089629,0.07416760921478271,-0.12820827960968018,-0.02845619092587981,0.05205422639846802,-0.11481517553329468,-0.025135329318089816,0.03850722312927246,-0.09074699878692627,-0.018028535273714397,POINTING
0.0,0.0,0.0,-0.020043015480041504,-0.05347597599029541,-0.019117814389844057,-0.01666313409805298,-0.12029832601547241,-0.030463888211031076,0.014353573322296143,-0.15903809666633606,-0.04207000778414738,0.04932236671447754,-0.1739671528339386,-0.05313259632684719,0.016621530055999756,-0.18005812168121338,-0.014309888606746313,0.029410600662231445,-0.25460147857666016,-0.03626115517117512,0.037920355796813965,-0.3046538233757019,-0.05131828309394848,0.04782682657241821,-0.3434290289878845,-0.06185173885323536,0.04493093490600586,-0.15999403595924377,-0.016582534549613115,0.06179463863372803,-0.22413691878318787,-0.042456957412738916,0.05204141139984131,-0.21033206582069397,-0.051878194225807306,0.04496246576309204,-0.1962296962738037,-0.053310005826730844,0.06902706623077393,-0.129116952419281,-0.02174752661385071,0.08113449811935425,-0.1720620095729828,-0.05074545265533459,0.05228698253631592,-0.1312389373779297,-0.046838729543466684,0.03476357460021973,-0.09844839572906494,-0.03688085721232426,0.08895325660705566,-0.09034925699234009,-0.02860172176160347,0.09523570537567139,-0.12491565942764282,-0.05062010408737194,0.06857085227966309,-0.0997665524482727,-0.046061324788112756,0.05196106433868408,-0.07587730884552002,-0.03773952917553913,POINTING
0.0,0.0,0.0,-0.018942415714263916,-0.06146073341369629,-0.01691362023782972,-0.01479572057723999,-0.12803590297698975,-0.027490058396580253,0.016577541828155518,-0.16900551319122314,-0.04014471121561769,0.046008944511413574,-0.1808127760887146,-0.05215784110558275,0.017693758010864258,-0.19593027234077454,-0.006363376457812819,0.03572434186935425,-0.27077943086624146,-0.024542655278565917,0.046250998973846436,-0.31613487005233765,-0.0364883872164512,0.05784684419631958,-0.35428816080093384,-0.04548171855938676,0.04550212621688843,-0.1746625006198883,-0.010660909530344043,0.06548500061035156,-0.2230624556541443,-0.04060232960117105,0.046177804470062256,-0.1787702739238739,-0.04993656598460916,0.030682086944580078,-0.1436862349510193,-0.04908423819077257,0.06946241855621338,-0.14457523822784424,-0.017826416943790946,0.08472216129302979,-0.18467718362808228,-0.047321367491605315,0.058518409729003906,-0.14354854822158813,-0.04264220916164163,0.04097849130630493,-0.11308717727661133,-0.03145144083035234,0.08825868368148804,-0.10864090919494629,-0.02677265689206365,0.10221129655838013,-0.14770036935806274,-0.04478056677115205,0.07995408773422241,-0.12354427576065063,-0.038356661279323134,0.062086641788482666,-0.09920841455459595,-0.02918308921587709,POINTING
0.0,0.0,0.0,-0.010708272457122803,-0.07473331689834595,-0.006871882651239503,0.006985127925872803,-0.13874101638793945,-0.02133282349655019,0.03159758448600769,-0.17517957091331482,-0.034343258302897084,0.053067177534103394,-0.1990380585193634,-0.04747927264520513,0.015395373106002808,-0.16389164328575134,-0.0419781886155306,0.07465663552284241,-0.1651238203048706,-0.06162380502769338,0.09940478205680847,-0.15216660499572754,-0.07092873082706319,0.10889855027198792,-0.14094215631484985,-0.07622172759124624,0.018149375915527344,-0.12909197807312012,-0.048064344387739766,0.08111599087715149,-0.1314939260482788,-0.06405703799077855,0.11088261008262634,-0.12430894374847412,-0.06912326888391362,0.12516269087791443,-0.11544275283813477,-0.07441160903522359,0.021662354469299316,-0.08702725172042847,-0.05283187405416356,0.08159264922142029,-0.09481310844421387,-0.06709776149341451,0.10545989871025085,-0.08962589502334595,-0.06703203247138845,0.11508867144584656,-0.08588862419128418,-0.06788921431848394,0.02400916814804077,-0.04367029666900635,-0.0571853898579775,0.07080379128456116,-0.050292253494262695,-0.06680331454822408,0.0898420512676239,-0.04854118824005127,-0.06499803886958944,0.09830227494239807,-0.04616934061050415,-0.06369536445686208,POINTING
0.0,0.0,0.0,0.03744557499885559,-0.04592996835708618,-0.006335852588108537,0.06512060761451721,-0.07931113243103027,-0.032359767625621316,0.09108898043632507,-0.09416937828063965,-0.05958659566431379,0.1093568503856659,-0.10064148902893066,-0.08853302515535688,0.012003958225250244,-0.16647881269454956,-0.06791700787334776,0.019491374492645264,-0.24331188201904297,-0.10893869019537306,0.022592902183532715,-0.2995299696922302,-0.1377432829835925,0.01851305365562439,-0.3471949100494385,-0.1550523377159152,-0.009916841983795166,-0.13893890380859375,-0.08062404758720731,0.07905706763267517,-0.14885908365249634,-0.11383148647337293,0.09007951617240906,-0.11086362600326538,-0.1167944408157382,0.06966462731361389,-0.09531408548355103,-0.11638417459516859,-0.016543835401535034,-0.0917736291885376,-0.09130902952938413,0.0714510977268219,-0.10454362630844116,-0.11895487077026701,0.08114781975746155,-0.06901144981384277,-0.1011258251169238,0.059646278619766235,-0.05668836832046509,-0.08553587264805174,-0.012542873620986938,-0.04705607891082764,-0.10190750278025007,0.054575949907302856,-0.06978309154510498,-0.10992903626947736,0.06463924050331116,-0.046588003635406494,-0.08480240024118757,0.0475744903087616,-0.02667403221130371,-0.06618599213152265,POINTING
0.0,0.0,0.0,0.04437863826751709,-0.05453217029571533,-0.015279164382640431,0.05869245529174805,-0.10062521696090698,-0.03860898859185369,0.07128840684890747,-0.13297826051712036,-0.06305381453913839,0.08077800273895264,-0.158535897731781,-0.08473402805012853,-0.01567062735557556,-0.1976708173751831,-0.03552663497013242,0.05215734243392944,-0.20829421281814575,-0.06892168320101888,0.06155472993850708,-0.16734403371810913,-0.08905678040665777,0.04593825340270996,-0.14878082275390625,-0.0997170338718334,-0.03105461597442627,-0.1746547818183899,-0.04460605032128484,0.05949586629867554,-0.1879139244556427,-0.07439023054522664,0.06234920024871826,-0.1423364281654358,-0.08029229737204702,0.03651195764541626,-0.1278972625732422,-0.08177274263781698,-0.03572574257850647,-0.14083808660507202,-0.05569327420872838,0.049085140228271484,-0.15588974952697754,-0.07867196745556981,0.053055524826049805,-0.11215865612030029,-0.0664182359663883,0.0295257568359375,-0.09674733877182007,-0.055625909784261296,-0.0352189838886261,-0.10142332315444946,-0.06867904014271886,0.03325307369232178,-0.1227615475654602,-0.07898657567185552,0.03884398937225342,-0.09224873781204224,-0.06524922496956975,0.02065134048461914,-0.07506972551345825,-0.05419246278089673,POINTING
0.0,0.0,0.0,0.06340855360031128,-0.04558122158050537,0.0006328235445778319,0.09377378225326538,-0.09561675786972046,-0.010222142579010551,0.11516571044921875,-0.13259106874465942,-0.02554957197790486,0.11327928304672241,-0.16697531938552856,-0.03951045499925954,0.022221922874450684,-0.20689493417739868,-0.007162124400934999,0.038443028926849365,-0.2707258462905884,-0.02687176132386071,0.04652261734008789,-0.32586681842803955,-0.04332733155970914,0.04858601093292236,-0.369861364364624,-0.05524678529982907,0.0025556087493896484,-0.20381927490234375,-0.023182360472134178,0.07901787757873535,-0.2152944803237915,-0.045129105465463226,0.09808510541915894,-0.17231899499893188,-0.05147968979363782,0.09191328287124634,-0.1519961953163147,-0.052481934444955414,-0.004794776439666748,-0.18297380208969116,-0.03989191354995114,0.07569599151611328,-0.19226759672164917,-0.059288226084760254,0.08825695514678955,-0.1443658471107483,-0.049533542262366836,0.07400137186050415,-0.12522852420806885,-0.03966185452227933,-0.0014984607696533203,-0.1494835615158081,-0.057605277763656204,0.06476175785064697,-0.1573149561882019,-0.06715047361140591,0.0749962329864502,-0.12146484851837158,-0.052862841652682846,0.06029224395751953,-0.10073846578598022,-0.040219243632606094,POINTING
0.0,0.0,0.0,-0.032817572355270386,-0.01574164628982544,0.004019767630296656,-0.06505092978477478,-0.015496790409088135,-0.001746295134154252,-0.09192785620689392,0.0023082494735717773,-0.010737186179113678,-0.10782864689826965,0.02854245901107788,-0.021502224609804443,-0.10387995839118958,-0.05180615186691284,-0.00858197442497044,-0.1524745523929596,-0.05421870946884155,-0.020571343482089333,-0.18266674876213074,-0.05259263515472412,-0.029849354059052757,-0.20769348740577698,-0.05290919542312622,-0.03795605140979319,-0.1017560362815857,-0.04466325044631958,-0.01738664309735327,-0.13469499349594116,0.02546536922454834,-0.029233174279880814,-0.11455979943275452,0.050008535385131836,-0.029930332556915573,-0.09819743037223816,0.045202434062957764,-0.03125745046193629,-0.09361931681632996,-0.02467203140258789,-0.025992816195440582,-0.12020736932754517,0.0467679500579834,-0.033287141353440575,-0.09957998991012573,0.06300276517868042,-0.026721233383369736,-0.08413103222846985,0.053291916847229004,-0.024199871227693848,-0.08274063467979431,0.00189286470413208,-0.03519827488119631,-0.10402637720108032,0.06047850847244263,-0.04112271207625895,-0.08976143598556519,0.07296943664550781,-0.036737419546199135,-0.07641583681106567,0.06461429595947266,-0.03347226592953234,POINTING
0.0,0.0,0.0,0.0656697154045105,-0.049104928970336914,0.017506132300098898,0.08848649263381958,-0.09820693731307983,0.010601085077126982,0.1040688157081604,-0.13337206840515137,-0.005156249807129143,0.11462920904159546,-0.15906530618667603,-0.02103689273158693,0.020377397537231445,-0.18504053354263306,0.006106578211387159,0.057017982006073,-0.22147563099861145,-0.012616598580876826,0.0573728084564209,-0.2077283263206482,-0.024969478671351908,0.041244566440582275,-0.20189988613128662,-0.031244655673305033,0.005930721759796143,-0.17581069469451904,-0.016327993546525477,0.07903337478637695,-0.19806647300720215,-0.036289592807094095,0.08466345071792603,-0.1576857566833496,-0.04307153967479849,0.06612992286682129,-0.14759957790374756,-0.04480856430987501,0.0033223628997802734,-0.1524220108985901,-0.03809164610962057,0.07831239700317383,-0.1731623411178589,-0.05197189522246504,0.08253467082977295,-0.12474489212036133,-0.04024214071492338,0.062482357025146484,-0.10817056894302368,-0.029835709904233454,0.006515681743621826,-0.12647640705108643,-0.05914647651175642,0.06750309467315674,-0.14154070615768433,-0.060981535886327265,0.06928145885467529,-0.10707277059555054,-0.04450429004887724,0.05102604627609253,-0.0868188738822937,-0.03228872043351316,POINTING
0.0,0.0,0.0,0.06266450881958008,-0.05396115779876709,0.015052171765887579,0.08708846569061279,-0.10434138774871826,0.007994139908873876,0.1019938588142395,-0.13925951719284058,-0.006842401468134085,0.10837769508361816,-0.16481643915176392,-0.024199992076432864,0.01577359437942505,-0.1951654553413391,0.001912852043346902,0.01986294984817505,-0.25563526153564453,-0.017217090011513392,0.0209769606590271,-0.30080944299697876,-0.03631688061443583,0.02038884162902832,-0.34275496006011963,-0.050377992571270624,-0.0025001168251037598,-0.1842384934425354,-0.019674649120247523,0.07435142993927002,-0.20892375707626343,-0.0413940191575648,0.08800697326660156,-0.16534078121185303,-0.05096186104503886,0.07626986503601074,-0.14857041835784912,-0.054172442884123484,-0.004439711570739746,-0.15401500463485718,-0.03998385521856562,0.07474833726882935,-0.17369574308395386,-0.05596194195834414,0.08160579204559326,-0.12407004833221436,-0.04497254046884791,0.06378352642059326,-0.10769248008728027,-0.03455868515459315,0.002303004264831543,-0.12273311614990234,-0.05974292534676806,0.0643739104270935,-0.13735276460647583,-0.06116978976217524,0.06821072101593018,-0.10286623239517212,-0.0419324316391112,0.05048573017120361,-0.08154761791229248,-0.027679372237003008,POINTING
0.0,0.0,0.0,-0.038471221923828125,-0.023793280124664307,0.005605438001680341,-0.07622799277305603,-0.03066086769104004,0.0009690462953813039,-0.10528022050857544,-0.01448589563369751,-0.0074468644110083915,-0.1218612790107727,0.012605130672454834,-0.017346319067996774,-0.11624374985694885,-0.06728380918502808,-0.0050760822144866324,-0.16537243127822876,-0.0705910325050354,-0.016672149557393823,-0.19604718685150146,-0.0698782205581665,-0.027078442532342706,-0.22208932042121887,-0.06995999813079834,-0.03672247219435576,-0.11253553628921509,-0.05942600965499878,-0.015532527375739846,-0.14758038520812988,0.014959335327148438,-0.028579527769011293,-0.12661096453666687,0.03284573554992676,-0.03164173874608878,-0.11097449064254761,0.022326767444610596,-0.035220509651821885,-0.1028236448764801,-0.03766411542892456,-0.02568751040450934,-0.13334396481513977,0.035505056381225586,-0.032759798947495256,-0.11286687850952148,0.04769057035446167,-0.02650995578221682,-0.09950044751167297,0.03380990028381348,-0.02498727876297835,-0.09112861752510071,-0.010143637657165527,-0.03659886706225279,-0.1149396300315857,0.05021947622299194,-0.04265181559674147,-0.10016384720802307,0.05932164192199707,-0.03894553917996291,-0.08862558007240295,0.04689306020736694,-0.036644252273958955,POINTING
0.0,0.0,0.0,-0.03900471329689026,-0.02559429407119751,0.0046569013620541,-0.07657450437545776,-0.031957030296325684,-0.0010336632722243166,-0.10469874739646912,-0.01584070920944214,-0.010282270831353912,-0.12108740210533142,0.01112210750579834,-0.021298402210064182,-0.11449596285820007,-0.06848275661468506,-0.006471008749045382,-0.1636180281639099,-0.06820231676101685,-0.018044152518100987,-0.19521605968475342,-0.06898260116577148,-0.028195097332186947,-0.2218153178691864,-0.07229810953140259,-0.037404795398302326,-0.11260193586349487,-0.05817204713821411,-0.016315506060905705,-0.1466406285762787,0.014963984489440918,-0.029371428524441967,-0.12592214345932007,0.03499370813369751,-0.032303837349004993,-0.10855698585510254,0.0276033878326416,-0.03527848910290743,-0.10425978899002075,-0.03529512882232666,-0.02578671764332796,-0.13201799988746643,0.03458529710769653,-0.03297260891396547,-0.11218255758285522,0.04767584800720215,-0.027278333192057858,-0.09699684381484985,0.03699696063995361,-0.025494077463932285,-0.09385800361633301,-0.008189558982849121,-0.03605041768152262,-0.11644056439399719,0.04799395799636841,-0.0418909352620318,-0.10210815072059631,0.05854278802871704,-0.03812801208097483,-0.08901277184486389,0.04948711395263672,-0.03537771221000696,POINTING
0.0,0.0,0.0,-0.040846288204193115,-0.02608966827392578,0.008777451312226958,-0.08056575059890747,-0.031739234924316406,0.005267520977241702,-0.10848411917686462,-0.012616753578186035,-0.0031962896864285995,-0.12440535426139832,0.016134917736053467,-0.013535388203280263,-0.12159040570259094,-0.072257399559021,0.002360628295747347,-0.1691303849220276,-0.07198429107666016,-0.0061908801253309775,-0.19927361607551575,-0.06999456882476807,-0.015116557868140035,-0.22472494840621948,-0.0707235336303711,-0.024000577086525254,-0.11897367238998413,-0.06363004446029663,-0.009679313206987672,-0.15119311213493347,0.009867250919342041,-0.01955391226144343,-0.12935355305671692,0.026940524578094482,-0.022797969559150033,-0.11120545864105225,0.01594775915145874,-0.027022037113027864,-0.10999330878257751,-0.0408208966255188,-0.021373444626050286,-0.13756662607192993,0.03019171953201294,-0.026233719119744592,-0.11652928590774536,0.04303693771362305,-0.02140228396089583,-0.10131627321243286,0.030065596103668213,-0.021353732252435975,-0.09932628273963928,-0.013425290584564209,-0.03369451260002165,-0.12128779292106628,0.04482048749923706,-0.03802877237828284,-0.10573992133140564,0.05572563409805298,-0.03444103097351103,-0.09251058101654053,0.0463181734085083,-0.032661649787741,POINTING
0.0,0.0,0.0,-0.04107677936553955,-0.028789639472961426,0.009305317780246014,-0.08050251007080078,-0.038359224796295166,0.005881633037944312,-0.11049842834472656,-0.029739022254943848,-0.002533382842074161,-0.1298486888408661,-0.010706663131713867,-0.012773730898032909,-0.11988416314125061,-0.0727149248123169,0.0005204111908199138,-0.1685684621334076,-0.0718335509300232,-0.009006727592776542,-0.19873034954071045,-0.0684395432472229,-0.017697960244248634,-0.22398865222930908,-0.06944215297698975,-0.02635807927114797,-0.11674001812934875,-0.06765478849411011,-0.012158263580630546,-0.14973655343055725,0.013542413711547852,-0.022693730996678596,-0.126238614320755,0.03333640098571777,-0.02497580658061338,-0.10737943649291992,0.02209782600402832,-0.028512735025714164,-0.10767138004302979,-0.04611921310424805,-0.024484725774954086,-0.13406431674957275,0.03457510471343994,-0.03024604740900827,-0.11053982377052307,0.04793137311935425,-0.02468678365809751,-0.09443441033363342,0.0329209566116333,-0.02432474318308664,-0.09753766655921936,-0.018510162830352783,-0.037461117015908485,-0.1175701916217804,0.04836457967758179,-0.04291752363903356,-0.09993702173233032,0.058663904666900635,-0.03968819241387678,-0.08578622341156006,0.046663880348205566,-0.03813944395048452,POINTING
0.0,0.0,0.0,-0.03136664628982544,-0.08628499507904053,-0.000646236423534674,-0.01965153217315674,-0.15781551599502563,-0.004677752336618823,0.016359329223632812,-0.1881306767463684,-0.006914984738585872,0.04315215349197388,-0.18433362245559692,-0.009766085842755956,0.04024362564086914,-0.1939525008201599,-0.031175991358367128,0.06839680671691895,-0.2842658758163452,-0.04509112781485669,0.08302795886993408,-0.33877599239349365,-0.055999940099326295,0.09408187866210938,-0.37587037682533264,-0.06377140975197904,0.08155620098114014,-0.16408920288085938,-0.029109543027487916,0.06780135631561279,-0.17773503065109253,-0.027691716166344804,0.04697620868682861,-0.14943748712539673,-0.02013131401142232,0.037246763706207275,-0.1262141466140747,-0.018579890789595765,0.10215330123901367,-0.1253240704536438,-0.02544769442280881,0.07759392261505127,-0.13456571102142334,-0.023367756815758867,0.06127786636352539,-0.11571627855300903,-0.015446552844849748,0.0509260892868042,-0.09685420989990234,-0.013529792266098184,0.11457329988479614,-0.08974659442901611,-0.02164420655569188,0.09523248672485352,-0.09733730554580688,-0.01860187559029214,0.0777287483215332,-0.08326733112335205,-0.010107701482382936,0.06497907638549805,-0.06852394342422485,-0.0043434769158636755,POINTING
0.0,0.0,0.0,-0.03857243061065674,-0.07733625173568726,-0.0030001939854003012,-0.031247496604919434,-0.1462005376815796,-0.003861834073660475,0.004942178726196289,-0.17642933130264282,-0.00036214194236094954,0.032217979431152344,-0.17578649520874023,0.0032979391866945207,0.03310626745223999,-0.1888899803161621,-0.02858884610444079,0.053988099098205566,-0.27550187706947327,-0.039332188444433314,0.06337690353393555,-0.3319517970085144,-0.05003611721306811,0.0712246298789978,-0.36878734827041626,-0.05760550104290019,0.07306808233261108,-0.15812933444976807,-0.02177802264898787,0.05462092161178589,-0.17640894651412964,-0.012746260280010802,0.03299206495285034,-0.1541110873222351,-0.0011153167693294108,0.023862361907958984,-0.13199299573898315,0.002230100787954825,0.08968424797058105,-0.12146592140197754,-0.0140196445977665,0.06364059448242188,-0.13431400060653687,-0.009143112005887133,0.04682648181915283,-0.12043595314025879,-0.002026919752580625,0.03720575571060181,-0.10135996341705322,-0.0004955176960095287,0.09928357601165771,-0.08673065900802612,-0.005731746798602444,0.0776633620262146,-0.09982389211654663,-0.0004872774120769918,0.06177985668182373,-0.08800214529037476,0.00872865341395368,0.05066263675689697,-0.07200437784194946,0.014660475065710443,POINTING
0.0,0.0,0.0,-0.04091441631317139,-0.07367289066314697,-0.00643169687128875,-0.03742671012878418,-0.14426535367965698,-0.007060619937249157,-0.0057236552238464355,-0.17656278610229492,-0.0022798429056933855,0.01886129379272461,-0.1772642731666565,0.0028462396655299926,0.03144097328186035,-0.18549948930740356,-0.027554351771243546,0.04730236530303955,-0.27031856775283813,-0.03457211882806632,0.053488314151763916,-0.3269767165184021,-0.04361249313689086,0.059439659118652344,-0.363203763961792,-0.05049174086190078,0.06856507062911987,-0.15426576137542725,-0.01787671067751262,0.04654824733734131,-0.17941516637802124,-0.0062286983523449635,0.025008976459503174,-0.158949077129364,0.004650832684717443,0.016442835330963135,-0.1361125111579895,0.007251182170591619,0.08300638198852539,-0.11847686767578125,-0.007293795170255635,0.05622893571853638,-0.13704192638397217,-0.0001300757797366714,0.0393257737159729,-0.12486821413040161,0.004857026571414735,0.030695974826812744,-0.10487204790115356,0.004723732890568044,0.091339111328125,-0.08487874269485474,0.0036141933593967224,0.07102012634277344,-0.10312169790267944,0.009994566505781677,0.05627626180648804,-0.09234064817428589,0.017863139575354126,0.04655987024307251,-0.07471054792404175,0.022625584220520523,POINTING
0.0,0.0,0.0,-0.042230308055877686,-0.071755051612854,-0.007149635968033863,-0.0411871075630188,-0.14322692155838013,-0.00567975422856648,-0.01513969898223877,-0.17555499076843262,0.0015451723800481432,0.005712330341339111,-0.1761879324913025,0.009653762760336804,0.032260000705718994,-0.18077099323272705,-0.020631740954939914,0.044517695903778076,-0.2625919580459595,-0.02324388657254417,0.04855436086654663,-0.3177417516708374,-0.030133345318262172,0.05353665351867676,-0.352857768535614,-0.03597739261132915,0.06696110963821411,-0.14745348691940308,-0.009888011184756351,0.04466283321380615,-0.17633140087127686,0.0038338183283315175,0.022785663604736328,-0.15916651487350464,0.013560211132045197,0.014546096324920654,-0.1370551586151123,0.015610712426479267,0.07933318614959717,-0.11166441440582275,0.0015718842248872988,0.054049551486968994,-0.1338437795639038,0.010408708671803879,0.03736072778701782,-0.12434953451156616,0.013782738554056095,0.030609130859375,-0.10474759340286255,0.012751867840762543,0.08579164743423462,-0.07838654518127441,0.013306134226496624,0.06774365901947021,-0.10029125213623047,0.02171822156267922,0.05327671766281128,-0.09167015552520752,0.02942942533152859,0.04454261064529419,-0.07401072978973389,0.03385006341594021,POINTING
0.0,0.0,0.0,-0.037951767444610596,0.006720542907714844,0.0011259781120145362,-0.06712740659713745,0.010312139987945557,-0.007074549988118406,-0.09139198064804077,0.024941444396972656,-0.018193027664182182,-0.10887312889099121,0.04598963260650635,-0.031077422861216064,-0.10613894462585449,-0.053580403327941895,-0.011689057301936145,-0.1521819829940796,-0.05649757385253906,-0.025203146700022216,-0.18251881003379822,-0.05716216564178467,-0.03728170200085401,-0.20783233642578125,-0.06018143892288208,-0.047601914692876335,-0.10226541757583618,-0.05366480350494385,-0.019961082104799743,-0.13506054878234863,0.023973286151885986,-0.03356338544583082,-0.11445024609565735,0.05401664972305298,-0.0371216374526,-0.0960509181022644,0.054476380348205566,-0.0402511383483386,-0.09210723638534546,-0.036414146423339844,-0.0281065988430953,-0.1199183464050293,0.04122936725616455,-0.037707748551127906,-0.09877249598503113,0.06110626459121704,-0.03256944446658849,-0.08151862025260925,0.056945979595184326,-0.030308988604900833,-0.08080530166625977,-0.010585129261016846,-0.03708412377929449,-0.10310906171798706,0.04921752214431763,-0.04517507060265302,-0.09030959010124207,0.06441700458526611,-0.041638175685164924,-0.07672417163848877,0.060918986797332764,-0.038416801680085655,POINTING
0.0,0.0,0.0,-0.04445406794548035,-0.006345927715301514,0.005870034183914186,-0.07912877202033997,-0.01219189167022705,0.001639883813055576,-0.10585334897041321,-0.005659997463226318,-0.006520763308202504,-0.12388190627098083,0.010304927825927734,-0.016177599121277808,-0.11219713091850281,-0.06330537796020508,-0.003918503679727792,-0.15852975845336914,-0.06629824638366699,-0.014832163963859557,-0.1895383894443512,-0.06589269638061523,-0.02423270865196514,-0.21595609188079834,-0.06766074895858765,-0.032992237050478934,-0.10840335488319397,-0.061703622341156006,-0.014271328960006713,-0.14115354418754578,0.017259836196899414,-0.02645298353249359,-0.11917895078659058,0.04198312759399414,-0.028561112273877143,-0.10095632076263428,0.03687781095504761,-0.030943781871741294,-0.09901896119117737,-0.043647706508636475,-0.02444471119756031,-0.1259184181690216,0.03565776348114014,-0.03247422053331661,-0.10400605201721191,0.052372515201568604,-0.026623188320940017,-0.08818227052688599,0.042829275131225586,-0.024623027805631637,-0.0881640613079071,-0.016959667205810547,-0.03527382834667492,-0.10947152972221375,0.04626220464706421,-0.04202296285743046,-0.09412309527397156,0.05872368812561035,-0.03837272225732136,-0.08040627837181091,0.04991459846496582,-0.035606452066843985,POINTING
0.0,0.0,0.0,-0.04083028435707092,-0.004301309585571289,0.002953481625496579,-0.07454872131347656,-0.007400870323181152,-0.0025909126291878692,-0.10122072696685791,0.0021854639053344727,-0.011590996526450681,-0.11943987011909485,0.02211928367614746,-0.02198983053889947,-0.11294165253639221,-0.0644071102142334,-0.00579342129853444,-0.15902024507522583,-0.06894755363464355,-0.017354854151875543,-0.18940582871437073,-0.06919044256210327,-0.02754356968429761,-0.21548831462860107,-0.07069361209869385,-0.036920397311718034,-0.10895347595214844,-0.06340891122817993,-0.014947272606463002,-0.1421230435371399,0.015574932098388672,-0.028025244131953286,-0.12010902166366577,0.04013240337371826,-0.03096693637994008,-0.10201326012611389,0.03490340709686279,-0.0338694478872128,-0.09926930069923401,-0.045612454414367676,-0.024172010600835847,-0.12621769309043884,0.03424990177154541,-0.033611609369785356,-0.10425904393196106,0.05125260353088379,-0.02839568327394204,-0.0887078046798706,0.04223954677581787,-0.026500488400728273,-0.0885075032711029,-0.019284427165985107,-0.034265800148517656,-0.1084052324295044,0.04484158754348755,-0.04240295547273831,-0.09305271506309509,0.05765610933303833,-0.03944261628416257,-0.0798991322517395,0.048909664154052734,-0.0369054626229115,POINTING
0.0,0.0,0.0,-0.05067262053489685,0.013605952262878418,0.0005201637185905383,-0.08480671048164368,0.01802009344100952,-0.00849815332099979,-0.10727846622467041,0.03157252073287964,-0.020845345824511696,-0.12242665886878967,0.0495336651802063,-0.03405772675529306,-0.11658972501754761,-0.06650573015213013,-0.00827586152360027,-0.16398918628692627,-0.06796187162399292,-0.020983619287164856,-0.19455653429031372,-0.06663858890533447,-0.0330534555460531,-0.22054603695869446,-0.06631284952163696,-0.043749833151252915,-0.11153709888458252,-0.06651520729064941,-0.017294214710148026,-0.14586889743804932,0.01441103219985962,-0.03215796281352823,-0.12345418334007263,0.036535799503326416,-0.03750546802535837,-0.10431480407714844,0.02879512310028076,-0.042016649290474106,-0.10182458162307739,-0.04958218336105347,-0.026490004404934098,-0.12852764129638672,0.031504034996032715,-0.03454993818655794,-0.10806438326835632,0.046444475650787354,-0.029735674753339936,-0.0929601788520813,0.035415589809417725,-0.028695897802265335,-0.09157514572143555,-0.023871183395385742,-0.0371246464993078,-0.11141827702522278,0.03965634107589722,-0.042711073204429795,-0.09928146004676819,0.053965747356414795,-0.03934947182193582,-0.08826062083244324,0.046827495098114014,-0.03706872244134729,POINTING
0.0,0.0,0.0,-0.05173134803771973,0.01696908473968506,0.0004245592839708934,-0.08531039953231812,0.0218467116355896,-0.008632967454644813,-0.10750877857208252,0.03387218713760376,-0.021036636290403976,-0.12225416302680969,0.050125300884246826,-0.034274606240245475,-0.11614027619361877,-0.06445372104644775,-0.008272412439140453,-0.1628149151802063,-0.06628692150115967,-0.02078429816410221,-0.19307035207748413,-0.06523144245147705,-0.03299202604338802,-0.21915984153747559,-0.06573563814163208,-0.04405668212220348,-0.11028772592544556,-0.06493651866912842,-0.017429996487948074,-0.14494970440864563,0.014977633953094482,-0.03160082755729832,-0.12224531173706055,0.03671020269393921,-0.03673877028867878,-0.103138267993927,0.02744513750076294,-0.04160186855241932,-0.10016271471977234,-0.04849964380264282,-0.026812654194685592,-0.12845087051391602,0.03197258710861206,-0.03452009914562382,-0.1075422465801239,0.0467793345451355,-0.02919073237225689,-0.09192663431167603,0.034783124923706055,-0.028194900808188095,-0.08979520201683044,-0.023057281970977783,-0.03770452199623264,-0.11159071326255798,0.04014486074447632,-0.04371031580612339,-0.09939247369766235,0.0535205602645874,-0.04028331322714962,-0.08780494332313538,0.044830501079559326,-0.03811792491123356,POINTING
0.0,0.0,0.0,-0.050148576498031616,0.012798070907592773,0.0005809853471703263,-0.08258533477783203,0.01550149917602539,-0.008020505526673105,-0.1035693883895874,0.027092278003692627,-0.01978688522578409,-0.11915940046310425,0.04541248083114624,-0.032537505248200205,-0.11912602186203003,-0.06419074535369873,-0.008373255127679613,-0.1636914610862732,-0.06748902797698975,-0.019905187407147196,-0.19444334506988525,-0.06654566526412964,-0.03143627218307188,-0.22111302614212036,-0.06725102663040161,-0.042163714984070566,-0.11390113830566406,-0.06598508358001709,-0.01716659053565195,-0.14720430970191956,0.01609402894973755,-0.0294746162682884,-0.12477061152458191,0.03833615779876709,-0.034160576978337076,-0.10602426528930664,0.030518531799316406,-0.03916714362205198,-0.10323464870452881,-0.049993693828582764,-0.026016084694873598,-0.12962287664413452,0.03384131193161011,-0.03261411956847837,-0.10836318135261536,0.048133254051208496,-0.027828648903977182,-0.09303620457649231,0.03719598054885864,-0.027564427101623323,-0.09234943985939026,-0.024912536144256592,-0.03630583382548025,-0.11347576975822449,0.04146784543991089,-0.041788324931275156,-0.10037487745285034,0.05463874340057373,-0.038554847458016184,-0.0885416567325592,0.04719424247741699,-0.03670648507178953,POINTING
0.0,0.0,0.0,-0.012293457984924316,-0.08595001697540283,0.014877343845711266,0.003897428512573242,-0.14109063148498535,0.01429976645593456,0.03800314664840698,-0.16333693265914917,0.01203643746410421,0.0665624737739563,-0.15850484371185303,0.008093756918952977,0.03255277872085571,-0.18192410469055176,-0.019373225684120143,0.06066393852233887,-0.26557835936546326,-0.030121708924724544,0.0760841965675354,-0.31733494997024536,-0.035702696706010784,0.08587008714675903,-0.35513991117477417,-0.039045653010560954,0.06723558902740479,-0.15756285190582275,-0.02512490254159161,0.09593778848648071,-0.1825382113456726,-0.019334709907724346,0.08286166191101074,-0.155592679977417,-0.008606278042151416,0.06928253173828125,-0.13891083002090454,-0.004675951490952457,0.09265297651290894,-0.11715978384017944,-0.02782885235066601,0.10597562789916992,-0.13102960586547852,-0.01830342289323994,0.09291225671768188,-0.11173951625823975,-0.006213708019657815,0.0806928277015686,-0.09889966249465942,-0.0030194382954675802,0.11065274477005005,-0.075839102268219,-0.02906009432192036,0.1179056167602539,-0.08820021152496338,-0.01757148716862389,0.10497283935546875,-0.07273328304290771,-0.004295593763544048,0.09238255023956299,-0.06136810779571533,0.0033063754133593193,POINTING
0.0,0.0,0.0,-0.024383902549743652,-0.0873863697052002,0.006538859033554445,-0.010514020919799805,-0.14865034818649292,0.005309656193077217,0.022961437702178955,-0.1719077229499817,0.003916977835416446,0.046514689922332764,-0.16390347480773926,0.0010184903401579959,0.03863954544067383,-0.19352620840072632,-0.019571557710349907,0.06287360191345215,-0.2782004475593567,-0.02453470050770079,0.07562261819839478,-0.3318132758140564,-0.027587872067869057,0.08542245626449585,-0.3678742051124573,-0.030505264247238983,0.07673913240432739,-0.1642943024635315,-0.019964654067933907,0.07289588451385498,-0.18957626819610596,-0.011779501172185292,0.05534583330154419,-0.16897636651992798,-0.003530106809392919,0.046154558658599854,-0.15108978748321533,-0.0023333482206169265,0.09807848930358887,-0.12291276454925537,-0.01756734594184195,0.07947897911071777,-0.13664531707763672,-0.007922043161869396,0.06501275300979614,-0.12067198753356934,-0.0011350080132785934,0.05595141649246216,-0.10391241312026978,-0.0016122862691361206,0.11216241121292114,-0.08437192440032959,-0.014518924126804222,0.09865128993988037,-0.09397011995315552,-0.005286871524930348,0.08346688747406006,-0.07986211776733398,0.00303852015693451,0.0717737078666687,-0.06493890285491943,0.007543252246051679,POINTING
0.0,0.0,0.0,-0.05067601799964905,0.01646733283996582,0.0012079946963012844,-0.084064781665802,0.019053220748901367,-0.005800853200639722,-0.10584002733230591,0.02741760015487671,-0.01623284415938997,-0.12245303392410278,0.04402893781661987,-0.02771958680489206,-0.1178387701511383,-0.06503301858901978,-0.004834856555248734,-0.16419988870620728,-0.0671684741973877,-0.016073370069648263,-0.19534289836883545,-0.06678718328475952,-0.02706115850844526,-0.22178387641906738,-0.06763231754302979,-0.036937357575084206,-0.11338421702384949,-0.06707727909088135,-0.013417055547620294,-0.14871934056282043,0.01470249891281128,-0.027597965389873025,-0.12761738896369934,0.04185241460800171,-0.033427739233161446,-0.10871770977973938,0.03964722156524658,-0.037837849647189614,-0.10389038920402527,-0.052060484886169434,-0.022101681396748063,-0.13012176752090454,0.03185147047042847,-0.031035529166842935,-0.10922881960868835,0.04924112558364868,-0.02793507249691629,-0.09323036670684814,0.04218852519989014,-0.02727112518289232,-0.09414792060852051,-0.028224527835845947,-0.03195172706284666,-0.11391010880470276,0.03729903697967529,-0.03816144326367521,-0.10098540782928467,0.0520704984664917,-0.03570983716883802,-0.08881670236587524,0.04565894603729248,-0.03366312542596006,POINTING
0.0,0.0,0.0,-0.04926037788391113,0.01122349500656128,0.0011942014171779647,-0.08313649892807007,0.011144459247589111,-0.0052997087986170754,-0.1058887243270874,0.017590343952178955,-0.015174952793955754,-0.12303167581558228,0.03318166732788086,-0.026177091050982426,-0.11990088224411011,-0.06399452686309814,-0.004979210432708214,-0.16554182767868042,-0.06692469120025635,-0.015597249839544247,-0.19621023535728455,-0.06763124465942383,-0.02583409425997729,-0.22205153107643127,-0.07021605968475342,-0.03530926955127711,-0.11544948816299438,-0.06613337993621826,-0.013378968920648049,-0.14868158102035522,0.015590310096740723,-0.02662883651638026,-0.12717795372009277,0.04115760326385498,-0.031573932144880246,-0.10792788863182068,0.03771376609802246,-0.035691286895513485,-0.10535883903503418,-0.05077552795410156,-0.021900807965636204,-0.13040286302566528,0.03306299448013306,-0.030258802224039982,-0.10966432094573975,0.04937535524368286,-0.02670573582136626,-0.0938645601272583,0.04115229845046997,-0.026153921607971142,-0.09494426846504211,-0.02706998586654663,-0.031655169550418805,-0.11322981119155884,0.03927898406982422,-0.03781896037244792,-0.09983080625534058,0.05294841527938843,-0.03536083129429812,-0.08766317367553711,0.04584580659866333,-0.033546577666044186,POINTING
0.0,0.0,0.0,-0.04927542805671692,0.015816926956176758,0.0018987984280158798,-0.08231624960899353,0.018890321254730225,-0.0051581831299643,-0.10416087508201599,0.027649760246276855,-0.015844579285470672,-0.12061956524848938,0.04428750276565552,-0.0277399508864562,-0.11884373426437378,-0.0624353289604187,-0.005026572814671226,-0.1648121178150177,-0.06684023141860962,-0.01609388688811464,-0.19565913081169128,-0.06772565841674805,-0.02671456100651426,-0.2219046652317047,-0.0698775053024292,-0.036455638206092544,-0.11452791094779968,-0.06506478786468506,-0.014124964794604011,-0.14865383505821228,0.016404330730438232,-0.02820907110580606,-0.1276574730873108,0.043556928634643555,-0.033542490995017715,-0.10863512754440308,0.04153859615325928,-0.03772970238932771,-0.10460004210472107,-0.05017507076263428,-0.023258933296887108,-0.12964436411857605,0.03377753496170044,-0.03198257411131067,-0.10891693830490112,0.050016701221466064,-0.02822750756749315,-0.0929064154624939,0.04242593050003052,-0.027336395776359268,-0.09430184960365295,-0.026653826236724854,-0.03353749165543718,-0.11301597952842712,0.038655638694763184,-0.03955078447469873,-0.09963259100914001,0.05202960968017578,-0.036734099930612274,-0.08710935711860657,0.04444766044616699,-0.034592877572862335,POINTING
